Price,Area,BHK,Location,Type,Price_num,Price/Sqft
65 Lac,2257.5,3,Bejai,Flat,6500000.0,2879.0
44 Lac,1100.0,2,Krishnapura,Flat,4400000.0,4000.0
45 Lac,1203.0,2,Surathkal,Flat,4500000.0,3741.0
98 Lac,1402.0,3,Hampankatta,Flat,9800000.0,6990.0
35 Lac,1185.0,2,Kavoor,Flat,3500000.0,2954.0
2.25 Cr,4650.0,3,Kadri,Flat,22500000.0,4839.0
25 Lac,1080.0,1,Valenica,Flat,2500000.0,2315.0
20 Lac,800.0,2,Nagar,Flat,2000000.0,2500.0
65 Lac,1390.0,2,Kadri,Flat,6500000.0,4676.0
65 Lac,2475.0,3,Pandeshwar,Flat,6500000.0,2626.0
1.30 Cr,1823.0,3,Nantoor,Flat,13000000.0,7131.0
2.80 Cr,5055.0,5,Kadri,Flat,28000000.0,5539.0
35 Lac,840.0,2,Derebail,Flat,3500000.0,4167.0
95 Lac,1410.0,2,Bejai,Flat,9500000.0,6738.0
55 Lac,1875.0,2,Mary Hill,Flat,5500000.0,2933.0
70 Lac,1740.0,3,Bejai,Flat,7000000.0,4023.0
45 Lac,1500.0,2,Others,Flat,4500000.0,3000.0
62 Lac,2205.0,3,Padukodi,Flat,6200000.0,2812.0
35 Lac,780.0,2,Road,Flat,3500000.0,4487.0
40 Lac,1800.0,2,Kadri,Flat,4000000.0,2222.0
45 Lac,1725.0,2,road,Flat,4500000.0,2609.0
1.05 Cr,1565.0,3,Kadri,Flat,10500000.0,6709.0
43.5 Lac,1275.0,2,Jeppinamogaru,Flat,4350000.0,3412.0
65 Lac,1884.0,3,Kulshekar,Flat,6500000.0,3450.0
83 Lac,1225.0,2,Pumpwell,Flat,8300000.0,6776.0
37 Lac,1945.5,2,Nantoor,Flat,3700000.0,1902.0
68 Lac,1525.0,3,Kadri,Flat,6800000.0,4459.0
37.5 Lac,1350.0,3,Mannagudda,Flat,3750000.0,2778.0
30 Lac,1500.0,3,Moodabidri,Flat,3000000.0,2000.0
60 Lac,1675.5,3,Others,Flat,6000000.0,3581.0
40 Lac,834.0,2,Bejai,Flat,4000000.0,4796.0
1.15 Cr,2547.0,3,Padil,Flat,11500000.0,4515.0
50 Lac,1140.0,1,Others,Flat,5000000.0,4386.0
65 Lac,1875.0,2,Road,Flat,6500000.0,3467.0
76 Lac,2235.0,3,Bikarnakatta,Flat,7600000.0,3400.0
72 Lac,1912.5,2,Mannagudda,Flat,7200000.0,3765.0
38 Lac,1062.0,2,Moodabidri,Flat,3800000.0,3578.0
55 Lac,1140.0,2,Nanthoor,Flat,5500000.0,4825.0
532.50 Cr,1065.0,2,Derebail,Flat,5325000000.0,5000000.0
40 Lac,1050.0,2,Others,Flat,4000000.0,3810.0
50 Lac,975.0,2,Kulai,Flat,5000000.0,5128.0
60 Lac,1800.0,3,Kadri,Flat,6000000.0,3333.0
70 Lac,1350.0,3,Road,Flat,7000000.0,5185.0
1 Cr,3000.0,3,Yeyyadi,Flat,10000000.0,3333.0
1.70 Cr,3300.0,4,Yeyyadi,Flat,17000000.0,5152.0
27 Lac,900.0,2,Pachanady,Flat,2700000.0,3000.0
28 Lac,975.0,2,Pachanady,Flat,2800000.0,2872.0
47 Lac,1680.0,2,Others,Flat,4700000.0,2798.0
65 Lac,1800.0,2,Bendoor,Flat,6500000.0,3611.0
31 Lac,1050.0,2,Pachanady,Flat,3100000.0,2952.0
1.50 Cr,1836.0,3,Urwa,Flat,15000000.0,8170.0
35 Lac,1050.0,2,Surathkal,Flat,3500000.0,3333.0
65 Lac,1335.0,2,Padil,Flat,6500000.0,4869.0
38 Lac,1155.0,1,Derebail,Flat,3800000.0,3290.0
50 Lac,1200.0,2,Kodailbail,Flat,5000000.0,4167.0
49 Lac,975.0,2,Surathkal,Flat,4900000.0,5026.0
83.8 Lac,1867.5,3,Derebail,Flat,8380000.0,4487.0
64 Lac,2175.0,3,Others,Flat,6400000.0,2943.0
58.6 Lac,1065.0,2,Kottara,Flat,5860000.0,5502.0
1.20 Cr,2152.5,3,Nagar,Flat,12000000.0,5575.0
69 Lac,1875.0,3,Kottara,Flat,6900000.0,3680.0
75.4 Lac,1370.0,3,Kottara,Flat,7540000.000000001,5504.0
38 Lac,950.0,2,Kadri,Flat,3800000.0,4000.0
11.05 Cr,10956.0,5,Kulai,Flat,110500000.0,10086.0
4.75 Cr,4657.0,4,Kulai,Flat,47500000.0,10200.0
4.91 Cr,4817.0,4,Kulai,Flat,49100000.0,10193.0
1.83 Cr,1744.0,2,Kulai,Flat,18300000.0,10493.0
1.75 Cr,1659.0,2,Kulai,Flat,17500000.0,10549.0
42 Lac,1350.0,2,Kodalguttu,Flat,4200000.0,3111.0
8.24 Cr,6933.0,4,Kulai,Flat,82400000.0,11885.0
49 Lac,1080.0,2,Kavoor,Flat,4900000.0,4537.0
86.5 Lac,1410.0,3,Bejai,Flat,8650000.0,6135.0
56 Lac,1380.0,2,Nagar,Flat,5600000.0,4058.0
76.5 Lac,1196.0,2,Bejai,Flat,7650000.0,6396.0
56 Lac,980.0,2,Derebail,Flat,5600000.0,5714.0
36 Lac,1425.0,2,Nagar,Flat,3600000.0,2526.0
5.56 Cr,5001.0,4,Kulai,Flat,55599999.99999999,11118.0
85 Lac,1227.0,2,Kodailbail,Flat,8500000.0,6927.0
47 Lac,1695.0,2,Nanthoor,Flat,4700000.0,2773.0
52 Lac,1605.0,2,Nagar,Flat,5200000.0,3240.0
40 Lac,1112.0,2,Surathkal,Flat,4000000.0,3597.0
1.16 Cr,1625.0,3,Bejai,Flat,11600000.0,7138.0
45 Lac,1050.0,1,Surathkal,Flat,4500000.0,4286.0
69 Lac,2000.0,3,Bajpe,Flat,6900000.0,3450.0
33 Lac,1240.0,2,Moodabidri,Flat,3300000.0,2661.0
76 Lac,2250.0,2,Bendoor,Flat,7600000.0,3378.0
55 Lac,1950.0,2,Others,Flat,5500000.0,2821.0
62 Lac,2205.0,3,Kavoor,Flat,6200000.0,2812.0
13 Lac,547.5,1,Konaje,Flat,1300000.0,2374.0
35 Lac,1010.0,2,Moodabidri,Flat,3500000.0,3465.0
60 Lac,1250.0,2,Mary Hill,Flat,6000000.0,4800.0
25 Lac,1125.0,2,Nagar,Flat,2500000.0,2222.0
58 Lac,1055.0,2,Kottara,Flat,5800000.0,5498.0
75 Lac,1572.0,3,Others,Flat,7500000.0,4771.0
87 Lac,2820.0,3,Kankanady,Flat,8700000.0,3085.0
45 Lac,2100.0,3,Derlakatte,Flat,4500000.0,2143.0
90.7 Lac,1400.0,2,Kuntikana,Flat,9070000.0,6479.0
1.65 Cr,1646.0,3,Pumpwell,Flat,16500000.0,10024.0
1 Cr,1580.0,2,Bejai,Flat,10000000.0,6329.0
4 Lac,1350.0,2,Kulshekar,Flat,400000.0,296.0
35 Lac,1300.0,2,Krishnapura,Flat,3500000.0,2692.0
47.3 Lac,1140.0,2,Kulshekar,Flat,4730000.0,4149.0
41.7 Lac,1005.0,2,Kulshekar,Flat,4170000.0000000005,4149.0
2.77 Cr,5228.0,4,Pumpwell,Flat,27700000.0,5298.0
81.4 Lac,1225.0,2,Pumpwell,Flat,8140000.000000001,6645.0
1.55 Cr,2300.0,3,Kadri,Flat,15500000.0,6739.0
1.53 Cr,2270.0,3,Kadri,Flat,15300000.0,6740.0
41.8 Lac,705.0,1,Kottara,Flat,4179999.9999999995,5929.0
1.15 Cr,2045.0,3,Kottara,Flat,11500000.0,5623.0
98 Lac,1224.0,2,Kudroli,Flat,9800000.0,8007.0
3.77 Cr,4054.0,4,Kudroli,Flat,37700000.0,9299.0
33.4 Lac,560.0,1,Nagar,Flat,3340000.0,5964.0
54.9 Lac,970.0,2,Nagar,Flat,5490000.0,5660.0
50.9 Lac,970.0,2,Nagar,Flat,5090000.0,5247.0
37.3 Lac,1007.0,2,Kulshekar,Flat,3729999.9999999995,3704.0
25.8 Lac,698.0,1,Kulshekar,Flat,2580000.0,3696.0
1.35 Cr,1589.0,3,Bejai,Flat,13500000.0,8496.0
1.50 Cr,1740.0,3,Bejai,Flat,15000000.0,8621.0
46 Lac,1620.0,2,Nagar,Flat,4600000.0,2840.0
1.45 Cr,2437.5,3,Bejai,Flat,14500000.0,5949.0
95 Lac,2623.5,3,Bejai,Flat,9500000.0,3621.0
1.41 Cr,1284.0,2,Kulai,Flat,14100000.0,10981.0
1.92 Cr,1827.0,2,Kulai,Flat,19200000.0,10509.0
55 Lac,1350.0,2,Bondel,Flat,5500000.0,4074.0
40 Lac,1230.0,2,Nagar,Flat,4000000.0,3252.0
35 Lac,1584.0,2,Kulai,Flat,3500000.0,2210.0
43.7 Lac,1182.0,3,Kulshekar,Flat,4370000.0,3697.0
78.4 Lac,1370.0,3,Kottara,Flat,7840000.000000001,5723.0
61.6 Lac,1065.0,2,Kottara,Flat,6160000.0,5784.0
42.3 Lac,715.0,1,Kottara,Flat,4230000.0,5916.0
42.1 Lac,710.0,1,Kottara,Flat,4210000.0,5930.0
45 Lac,835.0,2,Kankanady,Flat,4500000.0,5389.0
38 Lac,850.0,2,Attavar,Flat,3800000.0,4471.0
82 Lac,1787.0,3,Bikarnakatta,Flat,8200000.0,4589.0
32 Lac,1560.0,2,Others,Flat,3200000.0,2051.0
76.2 Lac,1330.0,3,Kottara,Flat,7620000.0,5729.0
61 Lac,1055.0,2,Kottara,Flat,6100000.0,5782.0
75 Lac,1755.0,2,Kulashekara,Flat,7500000.0,4274.0
1.07 Cr,1810.0,3,Bondel,Flat,10700000.0,5912.0
1018.80 Cr,1415.0,3,Padukodi,Flat,10188000000.0,7200000.0
1249.50 Cr,1470.0,3,Padukodi,Flat,12495000000.0,8500000.0
49.3 Lac,985.0,2,Nagar,Flat,4930000.0,5005.0
28 Lac,840.0,1,Nagar,Flat,2800000.0,3333.0
97 Lac,2115.0,3,Bejai,Flat,9700000.0,4586.0
77 Lac,1794.0,2,Bejai,Flat,7700000.0,4292.0
96 Lac,2115.0,3,Bejai,Flat,9600000.0,4539.0
3409.06 Cr,2132.0,3,Bendoorwell,Flat,34090600000.0,15989962.0
5247.01 Cr,2645.0,4,Bendoorwell,Flat,52470100000.0,19837467.0
60.5 Lac,465.0,1,Balmatta,Flat,6050000.0,13011.0
45 Lac,1200.0,3,Others,Flat,4500000.0,3750.0
65 Lac,1620.0,3,Pandeshwar,Flat,6500000.0,4012.0
99 Lac,1950.0,2,Nantoor,Flat,9900000.0,5077.0
48.5 Lac,1725.0,2,Padil,Flat,4850000.0,2812.0
98 Lac,1450.0,2,Kadri,Flat,9800000.0,6759.0
65 Lac,1260.0,2,Urwa,Flat,6500000.0,5159.0
1.52 Cr,1942.0,3,Kudroli,Flat,15200000.0,7827.0
50 Lac,1650.0,2,Jeppinamogaru,Flat,5000000.0,3030.0
38220.59 Cr,6912.0,6,Kadri,Flat,382205899999.99994,55295992.0
36 Lac,1575.0,2,Maroli,Flat,3600000.0,2286.0
1.80 Cr,3600.0,4,Lalbagh,Flat,18000000.0,5000.0
88 Lac,1700.0,3,Lalbagh,Flat,8800000.0,5176.0
92 Lac,1700.0,3,Lalbagh,Flat,9200000.0,5412.0
40 Lac,950.0,2,Lalbagh,Flat,4000000.0,4211.0
78 Lac,1175.0,2,Kodailbail,Flat,7800000.0,6638.0
47 Lac,1575.0,2,Pumpwell,Flat,4700000.0,2984.0
1.05 Cr,1870.0,3,Kulai,Flat,10500000.0,5615.0
42 Lac,1584.0,2,Surathkal,Flat,4200000.0,2652.0
1.35 Cr,2250.0,3,Boloor,Flat,13500000.0,6000.0
30 Lac,850.0,2,Others,Flat,3000000.0,3529.0
42 Lac,1500.0,2,Bejai,Flat,4200000.0,2800.0
98 Lac,1450.0,2,Kadri,Flat,9800000.0,6759.0
2.19 Cr,3250.0,4,Kadri,Flat,21900000.0,6738.0
2.66 Cr,3950.0,4,Kadri,Flat,26600000.0,6734.0
2.90 Cr,4300.0,4,Kadri,Flat,29000000.0,6744.0
3.11 Cr,4615.0,4,Kadri,Flat,31100000.0,6739.0
38 Lac,1115.0,2,Gurupura,Flat,3800000.0,3408.0
68 Lac,1575.0,2,Others,Flat,6800000.0,4317.0
1.03 Cr,1525.0,2,Kadri,Flat,10300000.0,6754.0
1.35 Cr,2005.0,3,Kadri,Flat,13500000.0,6733.0
60 Lac,1091.0,2,Derebail,Flat,6000000.0,5500.0
90.7 Lac,1400.0,2,Kuntikana,Flat,9070000.0,6479.0
35 Lac,1250.0,2,Mukka,Flat,3500000.0,2800.0
1.08 Cr,1780.0,3,Kankanady,Flat,10800000.0,6067.0
81 Lac,1542.0,3,Nagar,Flat,8100000.0,5253.0
85 Lac,1800.0,3,Bikarnakatta,Flat,8500000.0,4722.0
50 Lac,1170.0,2,Kulshekar,Flat,5000000.0,4274.0
52 Lac,1210.0,2,Thokkttu,Flat,5200000.0,4298.0
48 Lac,2175.0,3,Moodabidri,Flat,4800000.0,2207.0
30 Lac,690.0,2,Kulshekar,Flat,3000000.0,4348.0
45.3 Lac,1090.0,2,Kulshekar,Flat,4530000.0,4156.0
67 Lac,1100.0,2,Urwa,Flat,6700000.0,6091.0
72 Lac,2175.0,3,Kadri,Flat,7200000.0,3310.0
2.81 Cr,2100.0,3,Chilimbi,Flat,28100000.0,13381.0
67 Lac,1725.0,2,Nagar,Flat,6700000.0,3884.0
75 Lac,1175.0,0,Kodailbail,Flat,7500000.0,6383.0
1.12 Cr,2175.0,3,Derebail,Flat,11200000.000000002,5149.0
11 Lac,450.0,1,Kankanady,Flat,1100000.0,2444.0
1 Cr,2250.0,3,Lalbagh,Flat,10000000.0,4444.0
45 Lac,1755.0,2,Kulshekar,Flat,4500000.0,2564.0
28 Lac,630.0,2,Others,Flat,2800000.0,4444.0
79.1 Lac,1396.5,2,Bondel,Flat,7909999.999999999,5664.0
65 Lac,1091.0,2,Derebail,Flat,6500000.0,5958.0
57 Lac,1175.0,2,Kottara,Flat,5700000.0,4851.0
60.1 Lac,1470.0,2,Derebail,Flat,6010000.0,4088.0
98.4 Lac,1405.0,2,Kadri,Flat,9840000.0,7004.0
39 Lac,730.0,2,Nagar,Flat,3900000.0,5342.0
3.15 Cr,3300.0,3,Kadri,Flat,31500000.0,9545.0
73 Lac,1912.5,2,Others,Flat,7300000.0,3817.0
45 Lac,1170.0,2,Pumpwell,Flat,4500000.0,3846.0
32 Lac,900.0,2,Derebail,Flat,3200000.0,3556.0
43 Lac,1537.5,2,Nagar,Flat,4300000.0,2797.0
47 Lac,1245.0,2,Urwa,Flat,4700000.0,3775.0
1.10 Cr,1670.0,3,Balmatta,Flat,11000000.0,6587.0
65 Lac,1048.0,2,Mannagudda,Flat,6500000.0,6202.0
16.5 Lac,750.0,1,Kulshekar,Flat,1650000.0,2200.0
34 Lac,1410.0,2,Kavoor,Flat,3400000.0,2411.0
2.08 Cr,2870.0,4,Pumpwell,Flat,20800000.0,7247.0
1.18 Cr,1831.0,3,Pumpwell,Flat,11800000.0,6445.0
1.08 Cr,1646.0,3,Pumpwell,Flat,10800000.0,6561.0
81.4 Lac,1224.0,2,Pumpwell,Flat,8140000.000000001,6650.0
40 Lac,1650.0,2,Kavoor,Flat,4000000.0,2424.0
82 Lac,1600.0,2,Yeyyadi,Flat,8200000.0,5125.0
20 Lac,470.0,1,Nagar,Flat,2000000.0,4255.0
52.3 Lac,1260.0,3,Kulshekar,Flat,5230000.0,4151.0
56.9 Lac,1370.0,3,Kulshekar,Flat,5690000.0,4153.0
43.6 Lac,1050.0,2,Kulshekar,Flat,4360000.0,4152.0
34 Lac,740.0,2,Kulshekar,Flat,3400000.0,4595.0
41.9 Lac,1010.0,2,Kulshekar,Flat,4190000.0,4149.0
44.4 Lac,1070.0,2,Kulshekar,Flat,4440000.0,4150.0
55 Lac,1600.0,2,Kadri,Flat,5500000.0,3438.0
1 Cr,1740.0,2,Kankanady,Flat,10000000.0,5747.0
60 Lac,1485.0,3,Bejai,Flat,6000000.0,4040.0
56.2 Lac,1070.0,2,Nagar,Flat,5620000.0,5252.0
62 Lac,1800.0,2,Bondel,Flat,6200000.0,3444.0
1.30 Cr,2160.0,3,Derebail,Flat,13000000.0,6019.0
65 Lac,1699.0,3,Attavar,Flat,6500000.0,3826.0
68 Lac,1860.0,3,Bejai,Flat,6800000.0,3656.0
25 Lac,750.0,2,Kankanady,Flat,2500000.0,3333.0
51 Lac,1837.5,2,Subhashnagar,Flat,5100000.0,2776.0
3.10 Cr,4050.0,3,Kadri,Flat,31000000.0,7654.0
18 Lac,750.0,1,Boloor,Flat,1800000.0,2400.0
33 Lac,1500.0,2,Mary Hill,Flat,3300000.0,2200.0
52 Lac,1635.0,2,Car Street,Flat,5200000.0,3180.0
45 Lac,1160.0,2,Road,Flat,4500000.0,3879.0
61 Lac,1430.0,3,Kadri,Flat,6100000.0,4266.0
90 Lac,2025.0,3,Kadri,Flat,9000000.0,4444.0
1.65 Cr,3352.5,3,Urwa,Flat,16500000.0,4922.0
1.03 Cr,1525.0,2,Kadri,Flat,10300000.0,6754.0
1.35 Cr,2005.0,3,Kadri,Flat,13500000.0,6733.0
1.51 Cr,2255.0,3,Kadri,Flat,15100000.0,6696.0
70 Lac,1390.0,2,Kadri,Flat,7000000.0,5036.0
50 Lac,1875.0,2,Others,Flat,5000000.0,2667.0
30 Lac,1000.0,2,Moodabidri,Flat,3000000.0,3000.0
42 Lac,1200.0,2,Shivabagh,Flat,4200000.0,3500.0
90 Lac,2220.0,3,Padil,Flat,9000000.0,4054.0
75 Lac,2625.0,3,Kodalguttu,Flat,7500000.0,2857.0
1.22 Cr,2475.0,3,Kadri,Flat,12200000.0,4929.0
25 Lac,800.0,2,Bunder,Flat,2500000.0,3125.0
55 Lac,1100.0,2,Bunder,Flat,5500000.0,5000.0
74 Lac,1837.5,2,Matadakani,Flat,7400000.0,4027.0
50 Lac,1200.0,3,Kulashekara,Flat,5000000.0,4167.0
55 Lac,1570.0,3,Kulashekara,Flat,5500000.0,3503.0
75 Lac,1537.5,2,Pumpwell,Flat,7500000.0,4878.0
84 Lac,1974.0,2,Padavinangady,Flat,8400000.0,4255.0
79 Lac,1650.0,2,Urwa,Flat,7900000.0,4788.0
30 Lac,900.0,2,Maroli,Flat,3000000.0,3333.0
40 Lac,700.0,2,Ballalbagh,Flat,4000000.0,5714.0
45 Lac,900.0,2,Ballalbagh,Flat,4500000.0,5000.0
1.10 Cr,2445.0,3,Attavar,Flat,11000000.0,4499.0
37 Lac,800.0,1,Attavar,Flat,3700000.0,4625.0
68.3 Lac,1390.0,2,Mangaladevi,Flat,6830000.0,4914.0
1.15 Cr,1625.0,3,Bejai,Flat,11500000.0,7077.0
75 Lac,1675.0,3,Others,Flat,7500000.0,4478.0
75 Lac,1250.0,2,Ballalbagh,Flat,7500000.0,6000.0
50 Lac,1200.0,2,Surathkal,Flat,5000000.0,4167.0
46.6 Lac,1165.0,3,Kulshekar,Flat,4660000.0,4000.0
27 Lac,1237.5,2,road,Flat,2700000.0,2182.0
65.4 Lac,2115.0,3,Others,Flat,6540000.000000001,3092.0
42 Lac,880.0,2,Kottara,Flat,4200000.0,4773.0
45 Lac,1710.0,2,Others,Flat,4500000.0,2632.0
75 Lac,2202.0,3,Nagar,Flat,7500000.0,3406.0
46 Lac,1497.0,2,Others,Flat,4600000.0,3073.0
30 Lac,701.0,1,Kulshekar,Flat,3000000.0,4280.0
70 Lac,1080.0,2,Kuntikana,Flat,7000000.0,6481.0
52 Lac,1000.0,2,Kottara,Flat,5200000.0,5200.0
1.05 Cr,1435.0,3,Bejai,Flat,10500000.0,7317.0
40 Lac,770.0,1,Others,Flat,4000000.0,5195.0
1.25 Cr,1625.0,3,Bejai,Flat,12500000.0,7692.0
1.20 Cr,1675.5,2,Bejai,Flat,12000000.0,7162.0
1.05 Cr,2925.0,3,Bendoorwell,Flat,10500000.0,3590.0
31.3 Lac,1072.5,2,Kulshekar,Flat,3130000.0,2918.0
65.4 Lac,2250.0,3,Kulshekar,Flat,6540000.000000001,2907.0
65 Lac,2355.0,3,Others,Flat,6500000.0,2760.0
1332.66 Cr,1333.0,2,Kudroli,Flat,13326600000.0,9997449.0
1.12 Cr,1625.0,3,Bejai,Flat,11200000.000000002,6892.0
372.64 Cr,910.0,2,Bondel,Flat,3726400000.0,4094945.0
41.9 Lac,932.0,2,Kulshekar,Flat,4190000.0,4496.0
79 Lac,1360.0,3,Derebail,Flat,7900000.0,5809.0
32.6 Lac,701.0,1,Kulshekar,Flat,3260000.0,4650.0
80 Lac,2580.0,3,Kadri,Flat,8000000.0,3101.0
42 Lac,2100.0,3,Kuttar,Flat,4200000.0,2000.0
42 Lac,1410.0,2,Nagar,Flat,4200000.0,2979.0
1.73 Cr,2299.0,3,Ladyhill,Flat,17300000.0,7525.0
1.56 Cr,1987.0,3,Kudroli,Flat,15600000.0,7851.0
69 Lac,1055.0,2,Bejai,Flat,6900000.0,6540.0
2.52 Cr,3366.0,4,Ladyhill,Flat,25200000.0,7487.0
55 Lac,1150.0,2,Derebail,Flat,5500000.0,4783.0
40 Lac,1400.0,2,Thokkttu,Flat,4000000.0,2857.0
48 Lac,1875.0,3,Derebail,Flat,4800000.0,2560.0
45 Lac,1200.0,2,Others,Flat,4500000.0,3750.0
42 Lac,1047.0,2,Others,Flat,4200000.0,4011.0
65 Lac,1755.0,2,Kadri,Flat,6500000.0,3704.0
50 Lac,1400.0,3,Road,Flat,5000000.0,3571.0
90 Lac,2625.0,3,Mallikatte,Flat,9000000.0,3429.0
1.31 Cr,1625.0,3,Bejai,Flat,13100000.0,8062.0
48 Lac,1200.0,2,Surathkal,Flat,4800000.0,4000.0
1.77 Cr,2363.0,3,Ladyhill,Flat,17700000.0,7490.0
3.98 Cr,4291.0,3,Kudroli,Flat,39800000.0,9275.0
1.62 Cr,2074.0,3,Kudroli,Flat,16200000.000000002,7811.0
1.54 Cr,1967.0,3,Kudroli,Flat,15400000.0,7829.0
1.88 Cr,1715.0,2,Kudroli,Flat,18800000.0,10962.0
1.20 Cr,1870.0,3,Kulai,Flat,12000000.0,6417.0
663.06 Cr,1010.0,2,Urwa,Flat,6630599999.999999,6564950.0
58 Lac,1120.0,2,Kavoor,Flat,5800000.0,5179.0
57 Lac,1780.5,2,Kulshekar,Flat,5700000.0,3201.0
1.50 Cr,1940.0,3,Kadri,Flat,15000000.0,7732.0
69 Lac,1582.5,2,Others,Flat,6900000.0,4360.0
1.05 Cr,1279.0,2,Road,Flat,10500000.0,8210.0
1.95 Cr,3111.0,3,Others,Flat,19500000.0,6268.0
1.30 Cr,2670.0,3,Derebail,Flat,13000000.0,4869.0
18 Lac,450.0,1,Kulshekar,Flat,1800000.0,4000.0
15.7 Lac,800.0,2,Kulashekara,Flat,1570000.0,1962.0
45 Lac,1170.0,2,Kulashekara,Flat,4500000.0,3846.0
99 Lac,2377.5,2,Urwa,Flat,9900000.0,4164.0
53 Lac,1725.0,2,Kulshekar,Flat,5300000.0,3072.0
26 Lac,850.0,2,Road,Flat,2600000.0,3059.0
32 Lac,1000.0,2,Attavar,Flat,3200000.0,3200.0
25 Lac,470.0,1,Bondel,Flat,2500000.0,5319.0
1.85 Cr,2237.0,4,Bejai,Flat,18500000.0,8270.0
1.05 Cr,1278.0,2,Bejai,Flat,10500000.0,8216.0
40 Lac,1035.0,2,Derlakatte,Flat,4000000.0,3865.0
30 Lac,980.0,2,Others,Flat,3000000.0,3061.0
932.20 Cr,1154.0,2,Chilimbi,Flat,9322000000.0,8077990.0
65 Lac,2025.0,3,Urwa,Flat,6500000.0,3210.0
62 Lac,1550.0,3,Kulashekara,Flat,6200000.0,4000.0
85 Lac,2775.0,3,Others,Flat,8500000.0,3063.0
58 Lac,1500.0,2,Bendoor,Flat,5800000.0,3867.0
45 Lac,1590.0,2,Pandeshwar,Flat,4500000.0,2830.0
1.15 Cr,1345.0,2,Road,Flat,11500000.0,8550.0
28 Lac,975.0,1,Others,Flat,2800000.0,2872.0
24 Lac,490.0,1,Kulshekar,Flat,2400000.0,4898.0
24 Lac,760.0,2,Kaprigudda,Flat,2400000.0,3158.0
50 Lac,1000.0,2,Road,Flat,5000000.0,5000.0
1.15 Cr,1345.0,2,Road,Flat,11500000.0,8550.0
1.15 Cr,1344.0,2,Bejai,Flat,11500000.0,8557.0
1.15 Cr,1345.0,2,Bejai,Flat,11500000.0,8550.0
1.05 Cr,1279.0,2,Bejai,Flat,10500000.0,8210.0
1.85 Cr,2237.0,4,Road,Flat,18500000.0,8270.0
1.50 Cr,1740.0,3,Road,Flat,15000000.0,8621.0
1.35 Cr,1589.0,3,Road,Flat,13500000.0,8496.0
67 Lac,1875.0,2,Mannagudda,Flat,6700000.0,3573.0
23 Lac,980.0,2,Others,Flat,2300000.0,2347.0
35 Lac,1000.0,2,Mannagudda,Flat,3500000.0,3500.0
55 Lac,1699.5,2,Others,Flat,5500000.0,3236.0
80 Lac,1250.0,2,Kulai,Flat,8000000.0,6400.0
46 Lac,1035.0,2,Bejai,Flat,4600000.0,4444.0
45 Lac,1212.0,2,Kottara,Flat,4500000.0,3713.0
1.45 Cr,2400.0,3,Bejai,Flat,14500000.0,6042.0
1.05 Cr,1279.0,2,Road,Flat,10500000.0,8210.0
65 Lac,2400.0,3,Pumpwell,Flat,6500000.0,2708.0
75 Lac,1425.0,3,Kodailbail,Flat,7500000.0,5263.0
45 Lac,1080.0,2,Nagar,Flat,4500000.0,4167.0
55 Lac,994.0,2,Kottara,Flat,5500000.0,5533.0
1.20 Cr,2400.0,3,Others,Flat,12000000.0,5000.0
1.78 Cr,1681.5,2,Kulai,Flat,17800000.0,10586.0
27 Lac,800.0,2,Bondel,Flat,2700000.0,3375.0
2.65 Cr,2433.0,3,Kulai,Flat,26500000.0,10892.0
2.80 Cr,4775.0,5,Kadri,Flat,28000000.0,5864.0
75 Lac,2250.0,3,Others,Flat,7500000.0,3333.0
42 Lac,1147.5,0,Kadri,Flat,4200000.0,3660.0
1.30 Cr,3150.0,3,Falnir,Flat,13000000.0,4127.0
21 Lac,650.0,1,Bondel,Flat,2100000.0,3231.0
45 Lac,1100.0,2,Others,Flat,4500000.0,4091.0
65 Lac,1359.0,2,Kulai,Flat,6500000.0,4783.0
85 Lac,2250.0,3,Padil,Flat,8500000.0,3778.0
50 Lac,1590.0,3,Alape,Flat,5000000.0,3145.0
80 Lac,2250.0,3,Kotekani,Flat,8000000.0,3556.0
11.41 Cr,10956.0,5,Kulai,Flat,114100000.0,10414.0
7.40 Cr,7314.0,4,Kulai,Flat,74000000.0,10118.0
7.21 Cr,7124.0,4,Kulai,Flat,72100000.0,10121.0
5.05 Cr,4956.0,4,Kulai,Flat,50500000.0,10190.0
3.57 Cr,3211.5,3,Kulai,Flat,35700000.0,11116.0
90 Lac,2475.0,2,Urwa,Flat,9000000.0,3636.0
25 Lac,1305.0,2,Ullal,Flat,2500000.0,1916.0
65 Lac,1800.0,2,Others,Flat,6500000.0,3611.0
35 Lac,1275.0,2,Alape,Flat,3500000.0,2745.0
65 Lac,1243.0,2,Bikarnakatta,Flat,6500000.0,5229.0
38 Lac,1100.0,2,Attavar,Flat,3800000.0,3455.0
1.55 Cr,2300.0,3,Nanthoor,Flat,15500000.0,6739.0
94.8 Lac,1405.0,2,Nanthoor,Flat,9480000.0,6747.0
1.08 Cr,1646.0,3,Road,Flat,10800000.0,6561.0
1.18 Cr,1831.0,3,Road,Flat,11800000.0,6445.0
2.08 Cr,2870.0,4,Road,Flat,20800000.0,7247.0
81.4 Lac,1224.0,2,Road,Flat,8140000.000000001,6650.0
2.25 Cr,4950.0,3,Kadri,Flat,22500000.0,4545.0
52 Lac,900.0,2,Kodailbail,Flat,5200000.0,5778.0
70 Lac,1570.0,3,Kulshekar,Flat,7000000.0,4459.0
2.80 Cr,7582.5,5,Kadri,Flat,28000000.0,3693.0
90 Lac,2300.0,3,Bendoor,Flat,9000000.0,3913.0
68 Lac,2250.0,2,Others,Flat,6800000.0,3022.0
85 Lac,2025.0,3,Derebail,Flat,8500000.0,4198.0
920.46 Cr,1190.0,2,Urwa,Flat,9204600000.0,7734958.0
1812.78 Cr,1670.0,3,Urwa,Flat,18127800000.0,10854970.0
65.3 Lac,2040.0,3,Yeyyadi,Flat,6530000.0,3201.0
25 Lac,850.0,2,Nagar,Flat,2500000.0,2941.0
55 Lac,1650.0,2,Urwa,Flat,5500000.0,3333.0
1.05 Cr,2947.5,3,Others,Flat,10500000.0,3562.0
81 Lac,1375.0,2,Nagar,Flat,8100000.0,5891.0
60 Lac,2007.0,2,Yeyyadi,Flat,6000000.0,2990.0
96 Lac,2542.5,3,Nagar,Flat,9600000.0,3776.0
80 Lac,1225.0,2,Kulai,Flat,8000000.0,6531.0
56 Lac,1200.0,2,Padukodi,Flat,5600000.0,4667.0
55 Lac,1091.0,2,Derebail,Flat,5500000.0,5041.0
1.20 Cr,1600.0,3,Bolar,Flat,12000000.0,7500.0
94.2 Lac,1225.0,2,Bejai,Flat,9420000.0,7690.0
35 Lac,1500.0,2,Bunder,Flat,3500000.0,2333.0
3.98 Cr,4291.0,4,Kudroli,Flat,39800000.0,9275.0
1.20 Cr,30490.0,0,Moodabidiri,Plot,12000000.0,394.0
60 Lac,1309.0,3,Kadri,Flat,6000000.0,4584.0
53.43 Lac,1065.0,2,Kaikamba,Flat,5343000.0,5017.0
59.68 Lac,975.0,2,Kulai,Flat,5968000.0,6121.0
71.99 Lac,1210.0,2,Derebail,Flat,7198999.999999999,5950.0
85.68 Lac,1224.0,2,Alake,Flat,8568000.0,7000.0
1.90 Cr,2363.0,3,Chilambi,Flat,19000000.0,8041.0
1.45 Cr,2074.0,3,Alake,Flat,14500000.0,6991.0
1.80 Cr,2299.0,3,Chilambi,Flat,18000000.0,7829.0
1.97 Cr,2969.0,4,Nanthoor,Flat,19700000.0,6635.0
66.34 Lac,1115.0,2,Derebail,Flat,6634000.0,5950.0
3.96 Cr,6600.0,4,Kadri,Flat,39600000.0,6000.0
81.72 Lac,1135.0,2,Bejai,Flat,8172000.0,7200.0
1.97 Cr,2645.0,4,Bendoor,Flat,19700000.0,7448.0
2.62 Cr,3366.0,4,Chilambi,Flat,26200000.0,7784.0
2.78 Cr,3478.0,4,Chilambi,Flat,27799999.999999996,7993.0
74.75 Lac,1490.0,3,Kaikamba,Flat,7475000.0,5017.0
1.20 Cr,1612.0,3,Bendoor,Flat,12000000.0,7444.0
1.20 Cr,1807.0,3,Nanthoor,Flat,12000000.0,6641.0
3 Crs,4293.0,4,Alake,Flat,30000000.0,6988.0
60.45 Lac,1262.0,2,Kodailbail,Flat,6045000.0,4790.0
32.16 Lac,670.0,1,Urva,Flat,3215999.9999999995,4800.0
1.15 Cr,2100.0,3,Kaikamba,Flat,11500000.0,5476.0
52.50 Lac,1050.0,2,Kottara,Flat,5250000.0,5000.0
62.10 Lac,1380.0,3,Derebail,Flat,6210000.0,4500.0
61.87 Lac,1375.0,3,Derebail,Flat,6187000.0,4500.0
1.40 Cr,2014.0,3,Kadri,Flat,14000000.0,6951.0
27.42 Lac,653.0,1,Pandeshwar,Flat,2742000.0,4199.0
50.68 Lac,1010.0,2,Road,Flat,5068000.0,5018.0
45 Lac,677.0,1,Bejai,Flat,4500000.0,6647.0
46.39 Lac,698.0,1,Bejai,Flat,4639000.0,6646.0
34.12 Lac,680.0,1,Road,Flat,3411999.9999999995,5018.0
43.11 Lac,1410.0,3,Neermarga,Flat,4311000.0,3057.0
33.11 Lac,660.0,1,Road,Flat,3311000.0,5017.0
50.69 Lac,1091.0,2,Derebail,Flat,5069000.0,4646.0
38 Lac,950.0,2,Bondel,Flat,3800000.0,4000.0
64.80 Lac,1440.0,3,Attavar,Flat,6480000.0,4500.0
55 Lac,1000.0,2,Kadri,Flat,5500000.0,5500.0
52.50 Lac,3500.0,0,Kulai,Plot,5250000.0,1500.0
80 Lac,1600.0,3,Nagar,Flat,8000000.0,5000.0
34.20 Lac,900.0,2,Kankanady,Flat,3420000.0000000005,3800.0
62.22 Lac,1240.0,3,Road,Flat,6222000.0,5018.0
43.35 Lac,1020.0,2,Yeyyadi,Flat,4335000.0,4250.0
73.15 Lac,1045.0,2,Chilambi,Flat,7315000.000000001,7000.0
53.04 Lac,1105.0,2,Urva,Flat,5304000.0,4800.0
1.09 Cr,1565.0,3,Chilambi,Flat,10900000.0,6965.0
2.18 Cr,3118.0,3,Kadri,Flat,21800000.0,6992.0
34.22 Lac,1180.0,2,Kinnigoli,Flat,3422000.0,2900.0
32.81 Lac,875.0,2,Shaktinagar,Flat,3281000.0,3750.0
34.99 Lac,1130.0,2,Mulki,Flat,3499000.0,3096.0
84.75 Lac,1695.0,3,Kadri,Flat,8475000.0,5000.0
72 Lac,1600.0,3,Kapikad,Flat,7200000.0,4500.0
80 Lac,1600.0,3,Kulai,Villa,8000000.0,5000.0
73 Lac,1460.0,3,Kankanady,Flat,7300000.0,5000.0
82.40 Lac,1648.0,3,Konchady,Flat,8240000.000000001,5000.0
15.84 Lac,565.0,1,Mulki,Flat,1584000.0,2804.0
46 Lac,1150.0,2,Konchady,Flat,4600000.0,4000.0
1.06 Cr,1526.0,3,Chilambi,Flat,10600000.0,6946.0
46 Lac,1100.0,2,Konchady,Flat,4600000.0,4182.0
1.28 Cr,1900.0,3,Kadri,Flat,12800000.0,6737.0
35.31 Lac,1155.0,2,Neermarga,Flat,3531000.0,3057.0
1.59 Cr,2905.0,4,Chilambi,Flat,15900000.0,5473.0
2.41 Cr,4395.0,6,Chilambi,Flat,24100000.0,5484.0
32.55 Lac,930.0,2,Vamanjoor,Flat,3254999.9999999995,3500.0
67.10 Lac,1525.0,3,Kottara,Flat,6709999.999999999,4400.0
68.64 Lac,1560.0,3,Kottara,Flat,6864000.0,4400.0
66 Lac,1500.0,3,Kottara,Flat,6600000.0,4400.0
1.13 Cr,1713.0,3,Bejai,Flat,11299999.999999998,6597.0
36.23 Lac,1185.0,2,Neermarga,Flat,3622999.9999999995,3057.0
66.90 Lac,1360.0,3,Derebail,Flat,6690000.000000001,4919.0
1.78 Cr,2969.0,4,Nanthoor,Flat,17800000.0,5995.0
36.39 Lac,1190.0,2,Neermarga,Flat,3639000.0,3058.0
64.68 Lac,1331.0,3,Derebail,Flat,6468000.000000001,4860.0
46.20 Lac,1050.0,2,Kottara,Flat,4620000.0,4400.0
80 Lac,1535.0,3,Maroli,Flat,8000000.0,5212.0
22 Lac,600.0,1,Kotekar,Flat,2200000.0,3667.0
82 Lac,1770.0,3,Derebail,Flat,8200000.0,4633.0
64.25 Lac,1285.0,2,Surathkal,Flat,6425000.0,5000.0
47.40 Lac,1185.0,2,Bolar,Flat,4740000.0,4000.0
46.02 Lac,1315.0,3,Bondel,Flat,4602000.0,3500.0
52.44 Lac,1140.0,2,Nagar,Flat,5244000.0,4600.0
70.84 Lac,1320.0,3,Bejai,Flat,7084000.0,5367.0
80.50 Lac,1500.0,3,Bejai,Flat,8050000.0,5367.0
43 Lac,1020.0,2,Hoige Bail,Flat,4300000.0,4216.0
72.80 Lac,1120.0,2,Nagar,Flat,7280000.0,6500.0
43.60 Lac,1090.0,2,Jeppinamogaru,Flat,4360000.0,4000.0
87.50 Lac,1750.0,3,Kankanady,Flat,8750000.0,5000.0
48 Lac,960.0,2,Kankanady,Flat,4800000.0,5000.0
31.58 Lac,1020.0,2,Mulki,Flat,3158000.0,3096.0
80.40 Lac,1608.0,3,Surathkal,Flat,8040000.000000001,5000.0
54.12 Lac,1320.0,3,Shaktinagar,Flat,5412000.0,4100.0
62.70 Lac,1254.0,2,Surathkal,Flat,6270000.0,5000.0
57.50 Lac,1150.0,2,Derebail,Flat,5750000.0,5000.0
52.58 Lac,1195.0,2,Kottara,Flat,5258000.0,4400.0
1.61 Cr,2511.0,4,Mannagudda,Flat,16100000.000000002,6412.0
54.74 Lac,1020.0,2,Bejai,Flat,5474000.0,5367.0
35.15 Lac,655.0,1,Bejai,Flat,3515000.0,5366.0
1.55 Cr,2593.0,4,Nanthoor,Flat,15500000.0,5978.0
26.69 Lac,562.0,1,Valencia,Flat,2669000.0,4749.0
45.10 Lac,1100.0,2,Shaktinagar,Flat,4510000.0,4100.0
52.65 Lac,975.0,2,Kodikal,Flat,5265000.0,5400.0
80.40 Lac,1608.0,3,Bejai,Flat,8040000.000000001,5000.0
32.95 Lac,659.0,1,Bejai,Flat,3295000.0000000005,5000.0
84.55 Lac,1691.0,3,Bejai,Flat,8455000.0,5000.0
45 Lac,1050.0,2,Kavoor,Flat,4500000.0,4286.0
55 Lac,1395.0,3,Kavoor,Flat,5500000.0,3943.0
72.36 Lac,1185.0,2,Mallikatte,Flat,7236000.0,6106.0
22 Lac,3484.0,0,Moodabidiri,Plot,2200000.0,631.0
30 Lac,710.0,1,Surathkal,Flat,3000000.0,4225.0
49.13 Lac,1515.0,3,Kadri,Flat,4913000.0,3243.0
26.12 Lac,736.0,2,Bondel,Flat,2612000.0,3549.0
44.10 Lac,1360.0,3,Kadri,Flat,4410000.0,3243.0
29.68 Lac,1060.0,2,Mary Hill,Flat,2968000.0,2800.0
36.08 Lac,1180.0,2,Neermarga,Flat,3608000.0,3058.0
50.79 Lac,1093.0,2,Derebail,Flat,5079000.0,4647.0
1 Cr,1640.0,3,Mallikatte,Flat,10000000.0,6098.0
50.85 Lac,1130.0,2,Kadri,Flat,5085000.0,4500.0
78.97 Lac,1755.0,3,Kadri,Flat,7897000.0,4500.0
51.70 Lac,1175.0,2,Kottara,Flat,5170000.0,4400.0
76 Lac,1600.0,3,Kottara,Flat,7600000.0,4750.0
39.34 Lac,915.0,2,Nagar,Flat,3934000.0000000005,4299.0
51.80 Lac,1295.0,2,Attavar,Flat,5180000.0,4000.0
33.90 Lac,955.0,2,Bondel,Flat,3390000.0,3550.0
42.60 Lac,1065.0,2,Attavar,Flat,4260000.0,4000.0
20 Lac,1100.0,0,Puttur,Plot,2000000.0,1818.0
42.75 Lac,1425.0,3,Bantwal,Flat,4275000.0,3000.0
59.55 Lac,1385.0,3,Bolar,Flat,5955000.0,4300.0
25.05 Lac,696.0,1,Derebail,Flat,2505000.0,3599.0
95 Lac,1900.0,4,Kulai,Villa,9500000.0,5000.0
48.92 Lac,975.0,2,Road,Flat,4892000.0,5017.0
50.35 Lac,1325.0,3,Kankanady,Flat,5035000.0,3800.0
46.40 Lac,1160.0,2,Jeppinamogaru,Flat,4640000.0,4000.0
70.50 Lac,1410.0,3,Kottara,Flat,7050000.0,5000.0
33.48 Lac,1080.0,2,Moodabidiri,Flat,3347999.9999999995,3100.0
38.50 Lac,700.0,1,Kadri,Flat,3850000.0,5500.0
16.87 Lac,545.0,1,Mulki,Flat,1687000.0,3095.0
79.49 Lac,1196.0,2,Bejai,Flat,7948999.999999999,6646.0
74.02 Lac,1645.0,3,Kapikad,Flat,7402000.0,4500.0
80.61 Lac,1225.0,2,Kulai,Flat,8061000.0,6580.0
52.81 Lac,1515.0,3,Kadri,Flat,5281000.0,3486.0
67.18 Lac,1285.0,2,Derebail,Flat,6718000.000000001,5228.0
40.79 Lac,1360.0,3,Kadri,Flat,4079000.0,2999.0
73 Lac,1380.0,3,Derebail,Flat,7300000.0,5290.0
4.73 Cr,6568.0,6,Shivabagh,Flat,47300000.00000001,7202.0
74.99 Lac,1225.0,2,Kulai,Flat,7498999.999999999,6122.0
74.99 Lac,1225.0,2,Kulai,Flat,7498999.999999999,6122.0
2.03 Cr,2622.0,3,Shivabagh,Flat,20299999.999999996,7742.0
2.91 Cr,3763.0,4,Shivabagh,Flat,29100000.0,7733.0
3.91 Cr,5052.0,6,Shivabagh,Flat,39100000.0,7740.0
2.03 Cr,2630.0,3,Shivabagh,Flat,20299999.999999996,7719.0
5.09 Cr,6568.0,6,Shivabagh,Flat,50900000.0,7750.0
5.03 Cr,6500.0,6,Shivabagh,Flat,50300000.0,7738.0
2.82 Cr,3640.0,4,Shivabagh,Flat,28200000.0,7747.0
64.87 Lac,1390.0,2,Derebail,Flat,6487000.0,4667.0
46 Lac,1155.0,2,Kuloor,Flat,4600000.0,3983.0
35.67 Lac,1100.0,2,Kadri,Flat,3567000.0,3243.0
22 Lac,786.0,1,Mary Hill,Flat,2200000.0,2799.0
20.48 Lac,512.0,1,Attavar,Flat,2048000.0,4000.0
50.60 Lac,1265.0,3,Attavar,Flat,5060000.0,4000.0
87.05 Lac,1665.0,3,Kadri,Flat,8705000.0,5228.0
1.30 Cr,1835.0,3,Kottara,Flat,13000000.0,7084.0
28.79 Lac,960.0,2,Kadri,Flat,2879000.0,2999.0
34.46 Lac,659.0,1,Derebail,Flat,3446000.0,5229.0
68 Lac,1180.0,3,Attavar,Flat,6800000.0,5763.0
35 Lac,870.0,2,Kankanady,Flat,3500000.0,4023.0
49.72 Lac,1105.0,2,Nagar,Flat,4972000.0,4500.0
60.48 Lac,1344.0,3,Nagar,Flat,6048000.0,4500.0
54 Lac,1200.0,2,Nagar,Flat,5400000.0,4500.0
55.97 Lac,1250.0,2,Bondel,Flat,5597000.0,4478.0
45 Lac,1005.0,2,Bondel,Flat,4500000.0,4478.0
55 Lac,1115.0,2,Derebail,Flat,5500000.0,4933.0
63.59 Lac,1060.0,2,Mannagudda,Flat,6359000.0,5999.0
71.38 Lac,1190.0,2,Mannagudda,Flat,7138000.0,5998.0
74.75 Lac,1150.0,2,Bejai,Flat,7475000.0,6500.0
83.52 Lac,1285.0,2,Mannagudda,Flat,8352000.0,6500.0
89.98 Lac,1500.0,3,Mannagudda,Flat,8998000.0,5999.0
45.49 Lac,989.0,2,Kodikal,Flat,4549000.0,4600.0
1.04 Cr,1612.0,3,Bendoor,Flat,10400000.0,6452.0
60 Lac,1210.0,2,Derebail,Flat,6000000.0,4959.0
1.23 Cr,1870.0,3,Kulai,Flat,12300000.0,6578.0
45.44 Lac,1515.0,3,Kadri,Flat,4544000.0,2999.0
53.20 Lac,1400.0,2,Bondel,Flat,5320000.0,3800.0
1.91 Cr,3300.0,3,Kadri,Flat,19100000.0,5788.0
58.65 Lac,1150.0,2,Pandeshwar,Flat,5865000.0,5100.0
1.71 Cr,2645.0,4,Bendoor,Flat,17100000.0,6465.0
1.10 Cr,1753.0,3,Bejai,Flat,11000000.0,6275.0
30.80 Lac,4400.0,0,Moodabidiri,Plot,3080000.0,700.0
36.71 Lac,1049.0,2,Kodikal,Flat,3671000.0,3500.0
1.06 Cr,1526.0,3,Chilambi,Flat,10600000.0,6946.0
1.09 Cr,1565.0,3,Chilambi,Flat,10900000.0,6965.0
82.25 Lac,1175.0,2,Chilambi,Flat,8225000.0,7000.0
74.03 Lac,1175.0,2,Bejai,Flat,7403000.0,6300.0
66.15 Lac,1050.0,2,Bejai,Flat,6615000.000000001,6300.0
1.07 Cr,1706.0,3,Bejai,Flat,10700000.0,6272.0
73.15 Lac,1045.0,2,Chilambi,Flat,7315000.000000001,7000.0
85.78 Lac,1430.0,3,Mannagudda,Flat,8578000.0,5999.0
76 Lac,1555.0,3,Derebail,Flat,7600000.0,4887.0
69.87 Lac,1075.0,2,Bejai,Flat,6987000.0,6500.0
42.34 Lac,941.0,2,Bondel,Flat,4234000.0,4499.0
4.18 Cr,5052.0,6,Shivabagh,Flat,41800000.0,8274.0
35.67 Lac,1100.0,2,Kadri,Flat,3567000.0,3243.0
32.99 Lac,1100.0,2,Kadri,Flat,3299000.0,2999.0
64.16 Lac,975.0,2,Kulai,Flat,6416000.0,6581.0
4 Lac,4356.0,0,Airport,Plot,400000.0,92.0
79.06 Lac,1265.0,2,Bondel,Flat,7906000.0,6250.0
72.81 Lac,1165.0,2,Mannagudda,Flat,7281000.0,6250.0
77.49 Lac,1115.0,2,Kadri,Flat,7748999.999999999,6950.0
66 Lac,4000.0,0,Road,Plot,6600000.0,1650.0
1.91 Cr,3300.0,3,Kadri,Flat,19100000.0,5788.0
1.14 Cr,1870.0,3,Kulai,Flat,11399999.999999998,6096.0
56 Lac,1200.0,2,Derebail,Flat,5600000.0,4667.0
26.32 Lac,940.0,2,Mary Hill,Flat,2632000.0,2800.0
41.99 Lac,1295.0,2,Kadri,Flat,4199000.0,3242.0
56 Lac,1400.0,3,Attavar,Flat,5600000.0,4000.0
24.20 Lac,605.0,1,Attavar,Flat,2420000.0,4000.0
55 Lac,1133.0,2,Neermarga,Flat,5500000.0,4854.0
89 Lac,1265.0,3,Nagar,Villa,8900000.0,7036.0
63.04 Lac,1150.0,2,Pandeshwar,Flat,6304000.0,5482.0
67.43 Lac,1230.0,2,Pandeshwar,Flat,6743000.000000001,5482.0
54.51 Lac,1138.0,2,Kodailbail,Flat,5451000.0,4790.0
41.85 Lac,930.0,2,Bondel,Flat,4185000.0,4500.0
45.58 Lac,1013.0,2,Bondel,Flat,4558000.0,4500.0
28.12 Lac,625.0,1,Bondel,Flat,2812000.0,4499.0
90 Lac,1285.0,2,Kottara,Flat,9000000.0,7004.0
1.10 Cr,1600.0,3,Kottara,Flat,11000000.0,6875.0
78 Lac,1115.0,2,Kottara,Flat,7800000.0,6996.0
34 Lac,844.0,2,Road,Flat,3400000.0,4028.0
66.61 Lac,1753.0,3,Bondel,Flat,6661000.0,3800.0
41.80 Lac,1100.0,2,Bondel,Flat,4179999.9999999995,3800.0
87.02 Lac,2290.0,3,Bondel,Flat,8702000.0,3800.0
88.41 Lac,1691.0,3,Derebail,Flat,8841000.0,5228.0
72.15 Lac,1380.0,3,Derebail,Flat,7215000.000000001,5228.0
1.25 Cr,1700.0,3,Puttur,Villa,12500000.0,7353.0
1.11 Cr,1855.0,3,Attavar,Flat,11100000.000000002,5984.0
80 Lac,1450.0,3,Attavar,Flat,8000000.0,5517.0
54 Lac,5200.0,0,Derlakatte,Plot,5400000.0,1038.0
80 Lac,1660.0,3,Padil,Flat,8000000.0,4819.0
1.67 Cr,2315.0,3,Kodailbail,Flat,16700000.0,7214.0
1.38 Cr,1915.0,3,Kodailbail,Flat,13799999.999999998,7206.0
23.77 Lac,634.0,1,Surathkal,Flat,2377000.0,3749.0
24.18 Lac,645.0,1,Surathkal,Flat,2418000.0,3749.0
34.31 Lac,915.0,2,Surathkal,Flat,3431000.0,3750.0
43.87 Lac,1170.0,2,Surathkal,Flat,4387000.0,3750.0
75.25 Lac,1505.0,3,Bejai,Flat,7525000.0,5000.0
54.50 Lac,1090.0,2,Bejai,Flat,5450000.0,5000.0
50.75 Lac,1015.0,2,Bejai,Flat,5075000.0,5000.0
12.50 Lac,4360.0,0,Moodabidiri,Plot,1250000.0,287.0
3.75 Cr,4250.0,4,Kadri,Flat,37500000.0,8824.0
53.84 Lac,875.0,1,Nagar,Flat,5384000.0,6153.0
68 Lac,1105.0,2,Nagar,Flat,6800000.0,6154.0
1.20 Cr,1612.0,3,Bendoor,Flat,12000000.0,7444.0
82.70 Lac,1344.0,3,Nagar,Flat,8270000.0,6153.0
1.58 Cr,2132.0,3,Bendoor,Flat,15800000.0,7411.0
1.97 Cr,2645.0,4,Bendoor,Flat,19700000.0,7448.0
97.76 Lac,1504.0,2,Mannagudda,Flat,9776000.0,6500.0
91.39 Lac,1406.0,2,Mannagudda,Flat,9139000.0,6500.0
75.06 Lac,1390.0,2,Chilambi,Flat,7506000.0,5400.0
44 Lac,800.0,2,Kodikal,Flat,4400000.0,5500.0
53.68 Lac,976.0,2,Kodikal,Flat,5368000.0,5500.0
91.50 Lac,1500.0,3,Mannagudda,Flat,9150000.0,6100.0
64.66 Lac,1060.0,2,Mannagudda,Flat,6466000.0,6100.0
72.59 Lac,1190.0,2,Mannagudda,Flat,7259000.0,6100.0
85.78 Lac,1430.0,3,Mannagudda,Flat,8578000.0,5999.0
71.38 Lac,1190.0,2,Mannagudda,Flat,7138000.0,5998.0
1.25 Cr,1770.0,3,Derebail,Flat,12500000.0,7062.0
67.18 Lac,1285.0,2,Kadri,Flat,6718000.000000001,5228.0
66 Lac,1440.0,3,Kodikal,Flat,6600000.0,4583.0
87.23 Lac,1430.0,3,Mannagudda,Flat,8723000.0,6100.0
40 Lac,2000.0,0,Urwa,Plot,4000000.0,2000.0
76.70 Lac,1180.0,2,Kodailbail,Flat,7670000.0,6500.0
1 Cr,1550.0,3,Kodailbail,Flat,10000000.0,6452.0
1.13 Cr,1740.0,3,Kodailbail,Flat,11299999.999999998,6494.0
71.50 Lac,1100.0,2,Kodailbail,Flat,7150000.0,6500.0
86.43 Lac,1290.0,2,Kankanady,Flat,8643000.0,6700.0
90.45 Lac,1350.0,3,Kankanady,Flat,9045000.0,6700.0
74.02 Lac,1175.0,2,Bejai,Flat,7402000.0,6300.0
65 Lac,1465.0,3,Bondel,Flat,6500000.0,4437.0
61.39 Lac,1600.0,2,Yeyyadi,Flat,6139000.0,3837.0
82.50 Lac,1500.0,3,Nagar,Flat,8250000.0,5500.0
52.15 Lac,1490.0,3,Moodabidiri,Flat,5215000.0,3500.0
68 Lac,1360.0,3,Derebail,Flat,6800000.0,5000.0
15.40 Lac,1100.0,0,Puttur,Plot,1540000.0,1400.0
25.37 Lac,1750.0,0,Puttur,Plot,2537000.0,1450.0
48.49 Lac,2485.0,0,Kudupu,Plot,4849000.0,1951.0
42.50 Lac,2178.0,0,Kudupu,Plot,4250000.0,1951.0
24.70 Lac,650.0,1,Kudupu,Flat,2470000.0,3800.0
45 Lac,1200.0,3,Kudupu,Flat,4500000.0,3750.0
35 Lac,950.0,2,Kudupu,Flat,3500000.0,3684.0
27 Lac,750.0,2,Kudupu,Flat,2700000.0,3600.0
60 Lac,1200.0,2,Kottara,Flat,6000000.0,5000.0
60.20 Lac,1350.0,2,Yeyyadi,Flat,6020000.0,4459.0
76.37 Lac,1115.0,2,Kadri,Flat,7637000.0,6849.0
72 Lac,1440.0,3,Kottara,Flat,7200000.0,5000.0
57.62 Lac,1175.0,2,Kottara,Flat,5762000.0,4904.0
80 Lac,1800.0,3,Chilambi,Flat,8000000.0,4444.0
54.12 Lac,1320.0,3,Shaktinagar,Flat,5412000.0,4100.0
2.78 Cr,3477.0,4,Chilambi,Flat,27799999.999999996,7995.0
1.90 Cr,2363.0,3,Chilambi,Flat,19000000.0,8041.0
45.10 Lac,1100.0,2,Shaktinagar,Flat,4510000.0,4100.0
1.80 Cr,2298.0,3,Chilambi,Flat,18000000.0,7833.0
2.62 Cr,3366.0,4,Chilambi,Flat,26200000.0,7784.0
1 Cr,1550.0,3,Kodailbail,Flat,10000000.0,6452.0
30.80 Lac,2200.0,0,Puttur,Plot,3080000.0,1400.0
18.22 Lac,1350.0,0,Puttur,Plot,1822000.0,1350.0
90.45 Lac,1350.0,3,Kankanady,Flat,9045000.0,6700.0
50.75 Lac,1015.0,2,Bejai,Flat,5075000.0,5000.0
45.58 Lac,1013.0,2,Bondel,Flat,4558000.0,4500.0
58.02 Lac,1230.0,2,Pandeshwar,Flat,5802000.0,4717.0
84.07 Lac,1608.0,3,Derebail,Flat,8407000.0,5228.0
66.36 Lac,1600.0,2,Yeyyadi,Flat,6636000.0,4148.0
86.43 Lac,1290.0,2,Kankanady,Flat,8643000.0,6700.0
75.25 Lac,1505.0,3,Bejai,Flat,7525000.0,5000.0
60.48 Lac,1344.0,3,Nagar,Flat,6048000.0,4500.0
49.72 Lac,1105.0,2,Nagar,Flat,4972000.0,4500.0
74.75 Lac,1150.0,2,Bejai,Flat,7475000.0,6500.0
84.50 Lac,1300.0,3,Bejai,Flat,8450000.0,6500.0
54 Lac,1200.0,2,Nagar,Flat,5400000.0,4500.0
39.37 Lac,875.0,1,Nagar,Flat,3936999.9999999995,4499.0
36.80 Lac,800.0,2,Kodikal,Flat,3679999.9999999995,4600.0
45.49 Lac,989.0,2,Kodikal,Flat,4549000.0,4600.0
69.87 Lac,1075.0,2,Bejai,Flat,6987000.0,6500.0
63.58 Lac,1060.0,2,Mannagudda,Flat,6358000.0,5998.0
69.36 Lac,1225.0,2,Kulai,Flat,6936000.0,5662.0
33.46 Lac,960.0,2,Kadri,Flat,3346000.0,3485.0
36.27 Lac,1170.0,2,Surathkal,Flat,3627000.0000000005,3100.0
39.15 Lac,955.0,2,Surathkal,Flat,3915000.0,4099.0
60.68 Lac,1480.0,3,Surathkal,Flat,6068000.0,4100.0
97.87 Lac,1450.0,2,Kadri,Flat,9787000.0,6750.0
71.50 Lac,1100.0,2,Kodailbail,Flat,7150000.0,6500.0
1.28 Cr,1915.0,3,Kodailbail,Flat,12800000.0,6684.0
1.55 Cr,2315.0,3,Kodailbail,Flat,15500000.0,6695.0
71.38 Lac,1190.0,2,Mannagudda,Flat,7138000.0,5998.0
19.99 Lac,645.0,1,Surathkal,Flat,1998999.9999999998,3099.0
62.73 Lac,1230.0,2,Pandeshwar,Flat,6273000.0,5100.0
35.40 Lac,677.0,1,Konchady,Flat,3540000.0,5229.0
64.05 Lac,1225.0,2,Konchady,Flat,6405000.0,5229.0
72.15 Lac,1380.0,3,Konchady,Flat,7215000.000000001,5228.0
97.76 Lac,1504.0,2,Mannagudda,Flat,9776000.0,6500.0
1.65 Cr,2543.0,3,Mannagudda,Flat,16500000.0,6488.0
77.90 Lac,1490.0,3,Kodiabail,Flat,7790000.000000001,5228.0
88.41 Lac,1691.0,3,Kodiabail,Flat,8841000.0,5228.0
84.07 Lac,1608.0,3,Konchady,Flat,8407000.0,5228.0
34.46 Lac,659.0,1,Konchady,Flat,3446000.0,5229.0
67.18 Lac,1285.0,2,Konchady,Flat,6718000.000000001,5228.0
65.56 Lac,1254.0,2,Konchady,Flat,6556000.0,5228.0
34.46 Lac,659.0,1,Kodiabail,Flat,3446000.0,5229.0
72.15 Lac,1380.0,3,Kavoor,Flat,7215000.000000001,5228.0
71.50 Lac,1265.0,2,Bondel,Flat,7150000.0,5652.0
89 Lac,1265.0,3,Vas Lane,Villa,8900000.0,7036.0
69.40 Lac,1200.0,2,Mannagudda,Flat,6940000.000000001,5783.0
71.39 Lac,1165.0,2,Mannagudda,Flat,7139000.0,6128.0
77.90 Lac,1490.0,3,Karangalpady,Flat,7790000.000000001,5228.0
88.41 Lac,1691.0,3,Karangalpady,Flat,8841000.0,5228.0
57.98 Lac,1109.0,2,Kankanady,Flat,5798000.0,5228.0
57.98 Lac,1109.0,2,Karangalpady,Flat,5798000.0,5228.0
64.31 Lac,1230.0,3,Karangalpady,Flat,6431000.0,5228.0
64.31 Lac,1230.0,3,Kankanady,Flat,6431000.0,5228.0
57.98 Lac,1109.0,2,Kadri,Flat,5798000.0,5228.0
77.90 Lac,1490.0,3,Kadri,Flat,7790000.000000001,5228.0
34.46 Lac,659.0,1,Kadri,Flat,3446000.0,5229.0
72 Lac,1440.0,3,Kottara,Flat,7200000.0,5000.0
80 Lac,1600.0,3,Kulai,Flat,8000000.0,5000.0
43.68 Lac,1040.0,2,Yeyyadi,Flat,4368000.0,4200.0
60 Lac,1500.0,3,Derebail,Flat,6000000.0,4000.0
4.87 Cr,6500.0,6,Shivabagh,Flat,48700000.0,7492.0
57.98 Lac,1109.0,2,Jeppinamogaru,Flat,5798000.0,5228.0
64.05 Lac,1225.0,2,Karangalpady,Flat,6405000.0,5229.0
87.05 Lac,1665.0,3,Karangalpady,Villa,8705000.0,5228.0
84.07 Lac,1608.0,3,Karangalpady,Flat,8407000.0,5228.0
34.46 Lac,659.0,1,Karangalpady,Flat,3446000.0,5229.0
67.18 Lac,1285.0,2,Karangalpady,Flat,6718000.000000001,5228.0
84.07 Lac,1608.0,3,Kodiabail,Flat,8407000.0,5228.0
87.05 Lac,1665.0,3,Kodiabail,Villa,8705000.0,5228.0
67.18 Lac,1285.0,2,Kodiabail,Flat,6718000.000000001,5228.0
87.05 Lac,1665.0,3,Kavoor,Villa,8705000.0,5228.0
64.05 Lac,1225.0,2,Kadri,Flat,6405000.0,5229.0
35.40 Lac,677.0,1,Kadri,Flat,3540000.0,5229.0
65.56 Lac,1254.0,2,Kadri,Flat,6556000.0,5228.0
84.07 Lac,1608.0,3,Kadri,Flat,8407000.0,5228.0
