,Price,Area,BHK,Location,Type,Price_num,Price/Sqft
0,65 Lac,2257.5,3,Bejai,Flat,6500000.0,2879.0
1,44 Lac,1100.0,2,Krishnapura,Flat,4400000.0,4000.0
2,45 Lac,1203.0,2,Surathkal,Flat,4500000.0,3741.0
3,98 Lac,1402.0,3,Hampankatta,Flat,9800000.0,6990.0
4,35 Lac,1185.0,2,Kavoor,Flat,3500000.0,2954.0
5,2.25 Cr,4650.0,3,Kadri,Flat,22500000.0,4839.0
6,25 Lac,1080.0,1,Valenica,Flat,2500000.0,2315.0
7,20 Lac,800.0,2,Nagar,Flat,2000000.0,2500.0
8,65 Lac,1390.0,2,Kadri,Flat,6500000.0,4676.0
9,65 Lac,2475.0,3,Pandeshwar,Flat,6500000.0,2626.0
10,1.30 Cr,1823.0,3,Nantoor,Flat,13000000.0,7131.0
11,2.80 Cr,5055.0,5,Kadri,Flat,28000000.0,5539.0
12,35 Lac,840.0,2,Derebail,Flat,3500000.0,4167.0
13,95 Lac,1410.0,2,Bejai,Flat,9500000.0,6738.0
14,55 Lac,1875.0,2,Mary Hill,Flat,5500000.0,2933.0
15,70 Lac,1740.0,3,Bejai,Flat,7000000.0,4023.0
16,45 Lac,1500.0,2,Others,Flat,4500000.0,3000.0
17,62 Lac,2205.0,3,Padukodi,Flat,6200000.0,2812.0
18,35 Lac,780.0,2,Road,Flat,3500000.0,4487.0
19,40 Lac,1800.0,2,Kadri,Flat,4000000.0,2222.0
20,45 Lac,1725.0,2,road,Flat,4500000.0,2609.0
21,1.05 Cr,1565.0,3,Kadri,Flat,10500000.0,6709.0
22,43.5 Lac,1275.0,2,Jeppinamogaru,Flat,4350000.0,3412.0
23,65 Lac,1884.0,3,Kulshekar,Flat,6500000.0,3450.0
24,83 Lac,1225.0,2,Pumpwell,Flat,8300000.0,6776.0
25,37 Lac,1945.5,2,Nantoor,Flat,3700000.0,1902.0
26,68 Lac,1525.0,3,Kadri,Flat,6800000.0,4459.0
27,37.5 Lac,1350.0,3,Mannagudda,Flat,3750000.0,2778.0
28,30 Lac,1500.0,3,Moodabidri,Flat,3000000.0,2000.0
29,60 Lac,1675.5,3,Others,Flat,6000000.0,3581.0
30,40 Lac,834.0,2,Bejai,Flat,4000000.0,4796.0
31,1.15 Cr,2547.0,3,Padil,Flat,11500000.0,4515.0
32,50 Lac,1140.0,1,Others,Flat,5000000.0,4386.0
33,65 Lac,1875.0,2,Road,Flat,6500000.0,3467.0
34,76 Lac,2235.0,3,Bikarnakatta,Flat,7600000.0,3400.0
35,72 Lac,1912.5,2,Mannagudda,Flat,7200000.0,3765.0
36,38 Lac,1062.0,2,Moodabidri,Flat,3800000.0,3578.0
37,55 Lac,1140.0,2,Nanthoor,Flat,5500000.0,4825.0
38,532.50 Cr,1065.0,2,Derebail,Flat,5325000000.0,5000000.0
39,40 Lac,1050.0,2,Others,Flat,4000000.0,3810.0
40,50 Lac,975.0,2,Kulai,Flat,5000000.0,5128.0
41,60 Lac,1800.0,3,Kadri,Flat,6000000.0,3333.0
42,70 Lac,1350.0,3,Road,Flat,7000000.0,5185.0
43,1 Cr,3000.0,3,Yeyyadi,Flat,10000000.0,3333.0
44,1.70 Cr,3300.0,4,Yeyyadi,Flat,17000000.0,5152.0
45,27 Lac,900.0,2,Pachanady,Flat,2700000.0,3000.0
46,28 Lac,975.0,2,Pachanady,Flat,2800000.0,2872.0
47,47 Lac,1680.0,2,Others,Flat,4700000.0,2798.0
48,65 Lac,1800.0,2,Bendoor,Flat,6500000.0,3611.0
49,31 Lac,1050.0,2,Pachanady,Flat,3100000.0,2952.0
50,1.50 Cr,1836.0,3,Urwa,Flat,15000000.0,8170.0
51,35 Lac,1050.0,2,Surathkal,Flat,3500000.0,3333.0
52,65 Lac,1335.0,2,Padil,Flat,6500000.0,4869.0
53,38 Lac,1155.0,1,Derebail,Flat,3800000.0,3290.0
55,50 Lac,1200.0,2,Kodailbail,Flat,5000000.0,4167.0
57,49 Lac,975.0,2,Surathkal,Flat,4900000.0,5026.0
58,83.8 Lac,1867.5,3,Derebail,Flat,8380000.0,4487.0
59,64 Lac,2175.0,3,Others,Flat,6400000.0,2943.0
60,58.6 Lac,1065.0,2,Kottara,Flat,5860000.0,5502.0
61,1.20 Cr,2152.5,3,Nagar,Flat,12000000.0,5575.0
63,69 Lac,1875.0,3,Kottara,Flat,6900000.0,3680.0
64,75.4 Lac,1370.0,3,Kottara,Flat,7540000.000000001,5504.0
65,38 Lac,950.0,2,Kadri,Flat,3800000.0,4000.0
66,11.05 Cr,10956.0,5,Kulai,Flat,110500000.0,10086.0
67,4.75 Cr,4657.0,4,Kulai,Flat,47500000.0,10200.0
68,4.91 Cr,4817.0,4,Kulai,Flat,49100000.0,10193.0
69,1.83 Cr,1744.0,2,Kulai,Flat,18300000.0,10493.0
70,1.75 Cr,1659.0,2,Kulai,Flat,17500000.0,10549.0
71,42 Lac,1350.0,2,Kodalguttu,Flat,4200000.0,3111.0
73,8.24 Cr,6933.0,4,Kulai,Flat,82400000.0,11885.0
74,49 Lac,1080.0,2,Kavoor,Flat,4900000.0,4537.0
76,86.5 Lac,1410.0,3,Bejai,Flat,8650000.0,6135.0
77,56 Lac,1380.0,2,Nagar,Flat,5600000.0,4058.0
78,76.5 Lac,1196.0,2,Bejai,Flat,7650000.0,6396.0
79,56 Lac,980.0,2,Derebail,Flat,5600000.0,5714.0
80,36 Lac,1425.0,2,Nagar,Flat,3600000.0,2526.0
81,5.56 Cr,5001.0,4,Kulai,Flat,55599999.99999999,11118.0
82,85 Lac,1227.0,2,Kodailbail,Flat,8500000.0,6927.0
83,47 Lac,1695.0,2,Nanthoor,Flat,4700000.0,2773.0
84,52 Lac,1605.0,2,Nagar,Flat,5200000.0,3240.0
85,40 Lac,1112.0,2,Surathkal,Flat,4000000.0,3597.0
86,1.16 Cr,1625.0,3,Bejai,Flat,11600000.0,7138.0
87,45 Lac,1050.0,1,Surathkal,Flat,4500000.0,4286.0
88,69 Lac,2000.0,3,Bajpe,Flat,6900000.0,3450.0
89,33 Lac,1240.0,2,Moodabidri,Flat,3300000.0,2661.0
90,76 Lac,2250.0,2,Bendoor,Flat,7600000.0,3378.0
91,55 Lac,1950.0,2,Others,Flat,5500000.0,2821.0
92,62 Lac,2205.0,3,Kavoor,Flat,6200000.0,2812.0
93,13 Lac,547.5,1,Konaje,Flat,1300000.0,2374.0
94,35 Lac,1010.0,2,Moodabidri,Flat,3500000.0,3465.0
95,60 Lac,1250.0,2,Mary Hill,Flat,6000000.0,4800.0
97,25 Lac,1125.0,2,Nagar,Flat,2500000.0,2222.0
98,58 Lac,1055.0,2,Kottara,Flat,5800000.0,5498.0
100,75 Lac,1572.0,3,Others,Flat,7500000.0,4771.0
101,87 Lac,2820.0,3,Kankanady,Flat,8700000.0,3085.0
102,45 Lac,2100.0,3,Derlakatte,Flat,4500000.0,2143.0
103,0,1400.0,2,Kuntikana,Flat,,
104,1.65 Cr,1646.0,3,Pumpwell,Flat,16500000.0,10024.0
105,1 Cr,1580.0,2,Bejai,Flat,10000000.0,6329.0
106,4 Lac,1350.0,2,Kulshekar,Flat,400000.0,296.0
107,35 Lac,1300.0,2,Krishnapura,Flat,3500000.0,2692.0
108,47.3 Lac,1140.0,2,Kulshekar,Flat,4730000.0,4149.0
109,41.7 Lac,1005.0,2,Kulshekar,Flat,4170000.0000000005,4149.0
110,2.77 Cr,5228.0,4,Pumpwell,Flat,27700000.0,5298.0
111,81.4 Lac,1225.0,2,Pumpwell,Flat,8140000.000000001,6645.0
112,1.55 Cr,2300.0,3,Kadri,Flat,15500000.0,6739.0
113,1.53 Cr,2270.0,3,Kadri,Flat,15300000.0,6740.0
114,41.8 Lac,705.0,1,Kottara,Flat,4179999.9999999995,5929.0
115,1.15 Cr,2045.0,3,Kottara,Flat,11500000.0,5623.0
116,98 Lac,1224.0,2,Kudroli,Flat,9800000.0,8007.0
117,3.77 Cr,4054.0,4,Kudroli,Flat,37700000.0,9299.0
118,33.4 Lac,560.0,1,Nagar,Flat,3340000.0,5964.0
119,54.9 Lac,970.0,2,Nagar,Flat,5490000.0,5660.0
120,50.9 Lac,970.0,2,Nagar,Flat,5090000.0,5247.0
121,37.3 Lac,1007.0,2,Kulshekar,Flat,3729999.9999999995,3704.0
122,25.8 Lac,698.0,1,Kulshekar,Flat,2580000.0,3696.0
123,1.35 Cr,1589.0,3,Bejai,Flat,13500000.0,8496.0
124,1.50 Cr,1740.0,3,Bejai,Flat,15000000.0,8621.0
126,46 Lac,1620.0,2,Nagar,Flat,4600000.0,2840.0
127,1.45 Cr,2437.5,3,Bejai,Flat,14500000.0,5949.0
128,95 Lac,2623.5,3,Bejai,Flat,9500000.0,3621.0
129,1.41 Cr,1284.0,2,Kulai,Flat,14100000.0,10981.0
130,1.92 Cr,1827.0,2,Kulai,Flat,19200000.0,10509.0
132,55 Lac,1350.0,2,Bondel,Flat,5500000.0,4074.0
133,40 Lac,1230.0,2,Nagar,Flat,4000000.0,3252.0
134,35 Lac,1584.0,2,Kulai,Flat,3500000.0,2210.0
135,43.7 Lac,1182.0,3,Kulshekar,Flat,4370000.0,3697.0
136,78.4 Lac,1370.0,3,Kottara,Flat,7840000.000000001,5723.0
137,61.6 Lac,1065.0,2,Kottara,Flat,6160000.0,5784.0
138,42.3 Lac,715.0,1,Kottara,Flat,4230000.0,5916.0
139,42.1 Lac,710.0,1,Kottara,Flat,4210000.0,5930.0
140,45 Lac,835.0,2,Kankanady,Flat,4500000.0,5389.0
141,38 Lac,850.0,2,Attavar,Flat,3800000.0,4471.0
142,82 Lac,1787.0,3,Bikarnakatta,Flat,8200000.0,4589.0
143,32 Lac,1560.0,2,Others,Flat,3200000.0,2051.0
144,76.2 Lac,1330.0,3,Kottara,Flat,7620000.0,5729.0
145,61 Lac,1055.0,2,Kottara,Flat,6100000.0,5782.0
147,75 Lac,1755.0,2,Kulashekara,Flat,7500000.0,4274.0
148,1.07 Cr,1810.0,3,Bondel,Flat,10700000.0,5912.0
149,1018.80 Cr,1415.0,3,Padukodi,Flat,10188000000.0,7200000.0
150,1249.50 Cr,1470.0,3,Padukodi,Flat,12495000000.0,8500000.0
152,49.3 Lac,985.0,2,Nagar,Flat,4930000.0,5005.0
153,28 Lac,840.0,1,Nagar,Flat,2800000.0,3333.0
154,97 Lac,2115.0,3,Bejai,Flat,9700000.0,4586.0
155,77 Lac,1794.0,2,Bejai,Flat,7700000.0,4292.0
156,96 Lac,2115.0,3,Bejai,Flat,9600000.0,4539.0
157,3409.06 Cr,2132.0,3,Bendoorwell,Flat,34090600000.0,15989962.0
158,5247.01 Cr,2645.0,4,Bendoorwell,Flat,52470100000.0,19837467.0
159,60.5 Lac,465.0,1,Balmatta,Flat,6050000.0,13011.0
160,45 Lac,1200.0,3,Others,Flat,4500000.0,3750.0
161,65 Lac,1620.0,3,Pandeshwar,Flat,6500000.0,4012.0
162,99 Lac,1950.0,2,Nantoor,Flat,9900000.0,5077.0
163,48.5 Lac,1725.0,2,Padil,Flat,4850000.0,2812.0
164,98 Lac,1450.0,2,Kadri,Flat,9800000.0,6759.0
165,65 Lac,1260.0,2,Urwa,Flat,6500000.0,5159.0
166,1.52 Cr,1942.0,3,Kudroli,Flat,15200000.0,7827.0
167,50 Lac,1650.0,2,Jeppinamogaru,Flat,5000000.0,3030.0
168,38220.59 Cr,6912.0,6,Kadri,Flat,382205899999.99994,55295992.0
169,36 Lac,1575.0,2,Maroli,Flat,3600000.0,2286.0
170,1.80 Cr,3600.0,4,Lalbagh,Flat,18000000.0,5000.0
171,88 Lac,1700.0,3,Lalbagh,Flat,8800000.0,5176.0
172,92 Lac,1700.0,3,Lalbagh,Flat,9200000.0,5412.0
173,40 Lac,950.0,2,Lalbagh,Flat,4000000.0,4211.0
174,78 Lac,1175.0,2,Kodailbail,Flat,7800000.0,6638.0
176,47 Lac,1575.0,2,Pumpwell,Flat,4700000.0,2984.0
177,1.05 Cr,1870.0,3,Kulai,Flat,10500000.0,5615.0
178,42 Lac,1584.0,2,Surathkal,Flat,4200000.0,2652.0
179,1.35 Cr,2250.0,3,Boloor,Flat,13500000.0,6000.0
180,30 Lac,850.0,2,Others,Flat,3000000.0,3529.0
181,42 Lac,1500.0,2,Bejai,Flat,4200000.0,2800.0
182,98 Lac,1450.0,2,Kadri,Flat,9800000.0,6759.0
184,2.19 Cr,3250.0,4,Kadri,Flat,21900000.0,6738.0
185,2.66 Cr,3950.0,4,Kadri,Flat,26600000.0,6734.0
186,2.90 Cr,4300.0,4,Kadri,Flat,29000000.0,6744.0
187,3.11 Cr,4615.0,4,Kadri,Flat,31100000.0,6739.0
188,38 Lac,1115.0,2,Gurupura,Flat,3800000.0,3408.0
189,68 Lac,1575.0,2,Others,Flat,6800000.0,4317.0
190,1.03 Cr,1525.0,2,Kadri,Flat,10300000.0,6754.0
191,1.35 Cr,2005.0,3,Kadri,Flat,13500000.0,6733.0
193,60 Lac,1091.0,2,Derebail,Flat,6000000.0,5500.0
194,Call for Price,1400.0,2,Kuntikana,Flat,,
196,35 Lac,1250.0,2,Mukka,Flat,3500000.0,2800.0
197,1.08 Cr,1780.0,3,Kankanady,Flat,10800000.0,6067.0
198,81 Lac,1542.0,3,Nagar,Flat,8100000.0,5253.0
199,85 Lac,1800.0,3,Bikarnakatta,Flat,8500000.0,4722.0
200,50 Lac,1170.0,2,Kulshekar,Flat,5000000.0,4274.0
202,52 Lac,1210.0,2,Thokkttu,Flat,5200000.0,4298.0
203,48 Lac,2175.0,3,Moodabidri,Flat,4800000.0,2207.0
204,30 Lac,690.0,2,Kulshekar,Flat,3000000.0,4348.0
205,45.3 Lac,1090.0,2,Kulshekar,Flat,4530000.0,4156.0
208,67 Lac,1100.0,2,Urwa,Flat,6700000.0,6091.0
210,72 Lac,2175.0,3,Kadri,Flat,7200000.0,3310.0
211,2.81 Cr,2100.0,3,Chilimbi,Flat,28100000.0,13381.0
212,67 Lac,1725.0,2,Nagar,Flat,6700000.0,3884.0
214,75 Lac,1175.0,0,Kodailbail,Flat,7500000.0,6383.0
215,1.12 Cr,2175.0,3,Derebail,Flat,11200000.000000002,5149.0
216,11 Lac,450.0,1,Kankanady,Flat,1100000.0,2444.0
217,1 Cr,2250.0,3,Lalbagh,Flat,10000000.0,4444.0
218,45 Lac,1755.0,2,Kulshekar,Flat,4500000.0,2564.0
219,28 Lac,630.0,2,Others,Flat,2800000.0,4444.0
221,79.1 Lac,1396.5,2,Bondel,Flat,7909999.999999999,5664.0
222,65 Lac,1091.0,2,Derebail,Flat,6500000.0,5958.0
223,Call for Price,1590.0,2,Others,Flat,,
224,57 Lac,1175.0,2,Kottara,Flat,5700000.0,4851.0
225,60.1 Lac,1470.0,2,Derebail,Flat,6010000.0,4088.0
227,98.4 Lac,1405.0,2,Kadri,Flat,9840000.0,7004.0
228,39 Lac,730.0,2,Nagar,Flat,3900000.0,5342.0
229,3.15 Cr,3300.0,3,Kadri,Flat,31500000.0,9545.0
231,73 Lac,1912.5,2,Others,Flat,7300000.0,3817.0
232,45 Lac,1170.0,2,Pumpwell,Flat,4500000.0,3846.0
233,32 Lac,900.0,2,Derebail,Flat,3200000.0,3556.0
234,43 Lac,1537.5,2,Nagar,Flat,4300000.0,2797.0
235,47 Lac,1245.0,2,Urwa,Flat,4700000.0,3775.0
236,1.10 Cr,1670.0,3,Balmatta,Flat,11000000.0,6587.0
237,65 Lac,1048.0,2,Mannagudda,Flat,6500000.0,6202.0
238,16.5 Lac,750.0,1,Kulshekar,Flat,1650000.0,2200.0
240,34 Lac,1410.0,2,Kavoor,Flat,3400000.0,2411.0
243,2.08 Cr,2870.0,4,Pumpwell,Flat,20800000.0,7247.0
244,1.18 Cr,1831.0,3,Pumpwell,Flat,11800000.0,6445.0
245,1.08 Cr,1646.0,3,Pumpwell,Flat,10800000.0,6561.0
246,81.4 Lac,1224.0,2,Pumpwell,Flat,8140000.000000001,6650.0
247,40 Lac,1650.0,2,Kavoor,Flat,4000000.0,2424.0
248,82 Lac,1600.0,2,Yeyyadi,Flat,8200000.0,5125.0
249,20 Lac,470.0,1,Nagar,Flat,2000000.0,4255.0
250,52.3 Lac,1260.0,3,Kulshekar,Flat,5230000.0,4151.0
251,56.9 Lac,1370.0,3,Kulshekar,Flat,5690000.0,4153.0
252,43.6 Lac,1050.0,2,Kulshekar,Flat,4360000.0,4152.0
253,34 Lac,740.0,2,Kulshekar,Flat,3400000.0,4595.0
254,41.9 Lac,1010.0,2,Kulshekar,Flat,4190000.0,4149.0
255,44.4 Lac,1070.0,2,Kulshekar,Flat,4440000.0,4150.0
256,55 Lac,1600.0,2,Kadri,Flat,5500000.0,3438.0
257,1 Cr,1740.0,2,Kankanady,Flat,10000000.0,5747.0
258,60 Lac,1485.0,3,Bejai,Flat,6000000.0,4040.0
259,56.2 Lac,1070.0,2,Nagar,Flat,5620000.0,5252.0
260,62 Lac,1800.0,2,Bondel,Flat,6200000.0,3444.0
261,1.30 Cr,2160.0,3,Derebail,Flat,13000000.0,6019.0
262,65 Lac,1699.0,3,Attavar,Flat,6500000.0,3826.0
263,68 Lac,1860.0,3,Bejai,Flat,6800000.0,3656.0
264,25 Lac,750.0,2,Kankanady,Flat,2500000.0,3333.0
265,51 Lac,1837.5,2,Subhashnagar,Flat,5100000.0,2776.0
266,3.10 Cr,4050.0,3,Kadri,Flat,31000000.0,7654.0
267,18 Lac,750.0,1,Boloor,Flat,1800000.0,2400.0
268,33 Lac,1500.0,2,Mary Hill,Flat,3300000.0,2200.0
269,52 Lac,1635.0,2,Car Street,Flat,5200000.0,3180.0
270,45 Lac,1160.0,2,Road,Flat,4500000.0,3879.0
271,61 Lac,1430.0,3,Kadri,Flat,6100000.0,4266.0
274,90 Lac,2025.0,3,Kadri,Flat,9000000.0,4444.0
275,1.65 Cr,3352.5,3,Urwa,Flat,16500000.0,4922.0
278,1.03 Cr,1525.0,2,Kadri,Flat,10300000.0,6754.0
279,1.35 Cr,2005.0,3,Kadri,Flat,13500000.0,6733.0
280,1.51 Cr,2255.0,3,Kadri,Flat,15100000.0,6696.0
281,70 Lac,1390.0,2,Kadri,Flat,7000000.0,5036.0
282,50 Lac,1875.0,2,Others,Flat,5000000.0,2667.0
283,Call for Price,1140.0,2,Road,Flat,,
284,30 Lac,1000.0,2,Moodabidri,Flat,3000000.0,3000.0
285,42 Lac,1200.0,2,Shivabagh,Flat,4200000.0,3500.0
286,Call for Price,2070.0,3,Nantoor,Flat,,
287,90 Lac,2220.0,3,Padil,Flat,9000000.0,4054.0
288,75 Lac,2625.0,3,Kodalguttu,Flat,7500000.0,2857.0
289,1.22 Cr,2475.0,3,Kadri,Flat,12200000.0,4929.0
290,25 Lac,800.0,2,Bunder,Flat,2500000.0,3125.0
291,55 Lac,1100.0,2,Bunder,Flat,5500000.0,5000.0
292,74 Lac,1837.5,2,Matadakani,Flat,7400000.0,4027.0
293,50 Lac,1200.0,3,Kulashekara,Flat,5000000.0,4167.0
294,55 Lac,1570.0,3,Kulashekara,Flat,5500000.0,3503.0
295,75 Lac,1537.5,2,Pumpwell,Flat,7500000.0,4878.0
296,84 Lac,1974.0,2,Padavinangady,Flat,8400000.0,4255.0
297,79 Lac,1650.0,2,Urwa,Flat,7900000.0,4788.0
298,30 Lac,900.0,2,Maroli,Flat,3000000.0,3333.0
300,40 Lac,700.0,2,Ballalbagh,Flat,4000000.0,5714.0
301,45 Lac,900.0,2,Ballalbagh,Flat,4500000.0,5000.0
302,1.10 Cr,2445.0,3,Attavar,Flat,11000000.0,4499.0
303,37 Lac,800.0,1,Attavar,Flat,3700000.0,4625.0
304,68.3 Lac,1390.0,2,Mangaladevi,Flat,6830000.0,4914.0
305,1.15 Cr,1625.0,3,Bejai,Flat,11500000.0,7077.0
309,75 Lac,1675.0,3,Others,Flat,7500000.0,4478.0
310,75 Lac,1250.0,2,Ballalbagh,Flat,7500000.0,6000.0
311,50 Lac,1200.0,2,Surathkal,Flat,5000000.0,4167.0
313,46.6 Lac,1165.0,3,Kulshekar,Flat,4660000.0,4000.0
314,27 Lac,1237.5,2,road,Flat,2700000.0,2182.0
316,65.4 Lac,2115.0,3,Others,Flat,6540000.000000001,3092.0
317,42 Lac,880.0,2,Kottara,Flat,4200000.0,4773.0
318,45 Lac,1710.0,2,Others,Flat,4500000.0,2632.0
319,75 Lac,2202.0,3,Nagar,Flat,7500000.0,3406.0
320,46 Lac,1497.0,2,Others,Flat,4600000.0,3073.0
321,30 Lac,701.0,1,Kulshekar,Flat,3000000.0,4280.0
322,70 Lac,1080.0,2,Kuntikana,Flat,7000000.0,6481.0
323,52 Lac,1000.0,2,Kottara,Flat,5200000.0,5200.0
324,1.05 Cr,1435.0,3,Bejai,Flat,10500000.0,7317.0
325,40 Lac,770.0,1,Others,Flat,4000000.0,5195.0
326,1.25 Cr,1625.0,3,Bejai,Flat,12500000.0,7692.0
327,1.20 Cr,1675.5,2,Bejai,Flat,12000000.0,7162.0
329,1.05 Cr,2925.0,3,Bendoorwell,Flat,10500000.0,3590.0
330,31.3 Lac,1072.5,2,Kulshekar,Flat,3130000.0,2918.0
331,65.4 Lac,2250.0,3,Kulshekar,Flat,6540000.000000001,2907.0
332,65 Lac,2355.0,3,Others,Flat,6500000.0,2760.0
333,1332.66 Cr,1333.0,2,Kudroli,Flat,13326600000.0,9997449.0
334,1.12 Cr,1625.0,3,Bejai,Flat,11200000.000000002,6892.0
335,372.64 Cr,910.0,2,Bondel,Flat,3726400000.0,4094945.0
336,41.9 Lac,932.0,2,Kulshekar,Flat,4190000.0,4496.0
337,79 Lac,1360.0,3,Derebail,Flat,7900000.0,5809.0
338,32.6 Lac,701.0,1,Kulshekar,Flat,3260000.0,4650.0
339,80 Lac,2580.0,3,Kadri,Flat,8000000.0,3101.0
340,42 Lac,2100.0,3,Kuttar,Flat,4200000.0,2000.0
341,42 Lac,1410.0,2,Nagar,Flat,4200000.0,2979.0
344,1.73 Cr,2299.0,3,Ladyhill,Flat,17300000.0,7525.0
346,1.56 Cr,1987.0,3,Kudroli,Flat,15600000.0,7851.0
347,69 Lac,1055.0,2,Bejai,Flat,6900000.0,6540.0
348,2.52 Cr,3366.0,4,Ladyhill,Flat,25200000.0,7487.0
349,55 Lac,1150.0,2,Derebail,Flat,5500000.0,4783.0
350,40 Lac,1400.0,2,Thokkttu,Flat,4000000.0,2857.0
351,48 Lac,1875.0,3,Derebail,Flat,4800000.0,2560.0
352,45 Lac,1200.0,2,Others,Flat,4500000.0,3750.0
354,42 Lac,1047.0,2,Others,Flat,4200000.0,4011.0
355,65 Lac,1755.0,2,Kadri,Flat,6500000.0,3704.0
357,50 Lac,1400.0,3,Road,Flat,5000000.0,3571.0
358,90 Lac,2625.0,3,Mallikatte,Flat,9000000.0,3429.0
359,1.31 Cr,1625.0,3,Bejai,Flat,13100000.0,8062.0
360,48 Lac,1200.0,2,Surathkal,Flat,4800000.0,4000.0
361,1.77 Cr,2363.0,3,Ladyhill,Flat,17700000.0,7490.0
362,3.98 Cr,4291.0,3,Kudroli,Flat,39800000.0,9275.0
363,1.62 Cr,2074.0,3,Kudroli,Flat,16200000.000000002,7811.0
364,1.54 Cr,1967.0,3,Kudroli,Flat,15400000.0,7829.0
365,1.88 Cr,1715.0,2,Kudroli,Flat,18800000.0,10962.0
366,1.20 Cr,1870.0,3,Kulai,Flat,12000000.0,6417.0
367,663.06 Cr,1010.0,2,Urwa,Flat,6630599999.999999,6564950.0
369,58 Lac,1120.0,2,Kavoor,Flat,5800000.0,5179.0
370,57 Lac,1780.5,2,Kulshekar,Flat,5700000.0,3201.0
371,1.50 Cr,1940.0,3,Kadri,Flat,15000000.0,7732.0
373,69 Lac,1582.5,2,Others,Flat,6900000.0,4360.0
374,1.05 Cr,1279.0,2,Road,Flat,10500000.0,8210.0
375,1.95 Cr,3111.0,3,Others,Flat,19500000.0,6268.0
376,1.30 Cr,2670.0,3,Derebail,Flat,13000000.0,4869.0
377,18 Lac,450.0,1,Kulshekar,Flat,1800000.0,4000.0
380,15.7 Lac,800.0,2,Kulashekara,Flat,1570000.0,1962.0
381,45 Lac,1170.0,2,Kulashekara,Flat,4500000.0,3846.0
382,99 Lac,2377.5,2,Urwa,Flat,9900000.0,4164.0
383,53 Lac,1725.0,2,Kulshekar,Flat,5300000.0,3072.0
384,26 Lac,850.0,2,Road,Flat,2600000.0,3059.0
385,32 Lac,1000.0,2,Attavar,Flat,3200000.0,3200.0
386,25 Lac,470.0,1,Bondel,Flat,2500000.0,5319.0
388,1.85 Cr,2237.0,4,Bejai,Flat,18500000.0,8270.0
390,1.05 Cr,1278.0,2,Bejai,Flat,10500000.0,8216.0
391,40 Lac,1035.0,2,Derlakatte,Flat,4000000.0,3865.0
392,30 Lac,980.0,2,Others,Flat,3000000.0,3061.0
393,932.20 Cr,1154.0,2,Chilimbi,Flat,9322000000.0,8077990.0
394,65 Lac,2025.0,3,Urwa,Flat,6500000.0,3210.0
395,62 Lac,1550.0,3,Kulashekara,Flat,6200000.0,4000.0
396,85 Lac,2775.0,3,Others,Flat,8500000.0,3063.0
397,58 Lac,1500.0,2,Bendoor,Flat,5800000.0,3867.0
399,45 Lac,1590.0,2,Pandeshwar,Flat,4500000.0,2830.0
402,1.15 Cr,1345.0,2,Road,Flat,11500000.0,8550.0
403,28 Lac,975.0,1,Others,Flat,2800000.0,2872.0
404,24 Lac,490.0,1,Kulshekar,Flat,2400000.0,4898.0
405,24 Lac,760.0,2,Kaprigudda,Flat,2400000.0,3158.0
406,50 Lac,1000.0,2,Road,Flat,5000000.0,5000.0
407,1.15 Cr,1345.0,2,Road,Flat,11500000.0,8550.0
409,1.15 Cr,1344.0,2,Bejai,Flat,11500000.0,8557.0
410,1.15 Cr,1345.0,2,Bejai,Flat,11500000.0,8550.0
411,1.05 Cr,1279.0,2,Bejai,Flat,10500000.0,8210.0
412,1.85 Cr,2237.0,4,Road,Flat,18500000.0,8270.0
413,1.50 Cr,1740.0,3,Road,Flat,15000000.0,8621.0
414,1.35 Cr,1589.0,3,Road,Flat,13500000.0,8496.0
415,67 Lac,1875.0,2,Mannagudda,Flat,6700000.0,3573.0
416,23 Lac,980.0,2,Others,Flat,2300000.0,2347.0
417,35 Lac,1000.0,2,Mannagudda,Flat,3500000.0,3500.0
418,55 Lac,1699.5,2,Others,Flat,5500000.0,3236.0
419,80 Lac,1250.0,2,Kulai,Flat,8000000.0,6400.0
420,46 Lac,1035.0,2,Bejai,Flat,4600000.0,4444.0
421,45 Lac,1212.0,2,Kottara,Flat,4500000.0,3713.0
424,1.45 Cr,2400.0,3,Bejai,Flat,14500000.0,6042.0
425,1.05 Cr,1279.0,2,Road,Flat,10500000.0,8210.0
427,65 Lac,2400.0,3,Pumpwell,Flat,6500000.0,2708.0
429,75 Lac,1425.0,3,Kodailbail,Flat,7500000.0,5263.0
432,45 Lac,1080.0,2,Nagar,Flat,4500000.0,4167.0
436,55 Lac,994.0,2,Kottara,Flat,5500000.0,5533.0
438,1.20 Cr,2400.0,3,Others,Flat,12000000.0,5000.0
440,1.78 Cr,1681.5,2,Kulai,Flat,17800000.0,10586.0
441,27 Lac,800.0,2,Bondel,Flat,2700000.0,3375.0
442,2.65 Cr,2433.0,3,Kulai,Flat,26500000.0,10892.0
448,2.80 Cr,4775.0,5,Kadri,Flat,28000000.0,5864.0
449,75 Lac,2250.0,3,Others,Flat,7500000.0,3333.0
450,42 Lac,1147.5,0,Kadri,Flat,4200000.0,3660.0
451,1.30 Cr,3150.0,3,Falnir,Flat,13000000.0,4127.0
452,21 Lac,650.0,1,Bondel,Flat,2100000.0,3231.0
454,45 Lac,1100.0,2,Others,Flat,4500000.0,4091.0
455,65 Lac,1359.0,2,Kulai,Flat,6500000.0,4783.0
456,85 Lac,2250.0,3,Padil,Flat,8500000.0,3778.0
457,50 Lac,1590.0,3,Alape,Flat,5000000.0,3145.0
458,80 Lac,2250.0,3,Kotekani,Flat,8000000.0,3556.0
462,11.41 Cr,10956.0,5,Kulai,Flat,114100000.0,10414.0
463,7.40 Cr,7314.0,4,Kulai,Flat,74000000.0,10118.0
464,7.21 Cr,7124.0,4,Kulai,Flat,72100000.0,10121.0
465,5.05 Cr,4956.0,4,Kulai,Flat,50500000.0,10190.0
469,3.57 Cr,3211.5,3,Kulai,Flat,35700000.0,11116.0
470,90 Lac,2475.0,2,Urwa,Flat,9000000.0,3636.0
472,25 Lac,1305.0,2,Ullal,Flat,2500000.0,1916.0
475,65 Lac,1800.0,2,Others,Flat,6500000.0,3611.0
476,35 Lac,1275.0,2,Alape,Flat,3500000.0,2745.0
477,65 Lac,1243.0,2,Bikarnakatta,Flat,6500000.0,5229.0
479,38 Lac,1100.0,2,Attavar,Flat,3800000.0,3455.0
480,1.55 Cr,2300.0,3,Nanthoor,Flat,15500000.0,6739.0
481,94.8 Lac,1405.0,2,Nanthoor,Flat,9480000.0,6747.0
484,1.08 Cr,1646.0,3,Road,Flat,10800000.0,6561.0
485,1.18 Cr,1831.0,3,Road,Flat,11800000.0,6445.0
486,2.08 Cr,2870.0,4,Road,Flat,20800000.0,7247.0
488,81.4 Lac,1224.0,2,Road,Flat,8140000.000000001,6650.0
489,2.25 Cr,4950.0,3,Kadri,Flat,22500000.0,4545.0
492,52 Lac,900.0,2,Kodailbail,Flat,5200000.0,5778.0
493,Call for Price,1590.0,2,Vamanjoor,Flat,,
495,70 Lac,1570.0,3,Kulshekar,Flat,7000000.0,4459.0
496,2.80 Cr,7582.5,5,Kadri,Flat,28000000.0,3693.0
497,90 Lac,2300.0,3,Bendoor,Flat,9000000.0,3913.0
498,68 Lac,2250.0,2,Others,Flat,6800000.0,3022.0
499,85 Lac,2025.0,3,Derebail,Flat,8500000.0,4198.0
500,920.46 Cr,1190.0,2,Urwa,Flat,9204600000.0,7734958.0
501,1812.78 Cr,1670.0,3,Urwa,Flat,18127800000.0,10854970.0
502,65.3 Lac,2040.0,3,Yeyyadi,Flat,6530000.0,3201.0
503,25 Lac,850.0,2,Nagar,Flat,2500000.0,2941.0
504,55 Lac,1650.0,2,Urwa,Flat,5500000.0,3333.0
505,1.05 Cr,2947.5,3,Others,Flat,10500000.0,3562.0
506,81 Lac,1375.0,2,Nagar,Flat,8100000.0,5891.0
507,60 Lac,2007.0,2,Yeyyadi,Flat,6000000.0,2990.0
508,96 Lac,2542.5,3,Nagar,Flat,9600000.0,3776.0
509,80 Lac,1225.0,2,Kulai,Flat,8000000.0,6531.0
510,56 Lac,1200.0,2,Padukodi,Flat,5600000.0,4667.0
511,55 Lac,1091.0,2,Derebail,Flat,5500000.0,5041.0
512,1.20 Cr,1600.0,3,Bolar,Flat,12000000.0,7500.0
513,94.2 Lac,1225.0,2,Bejai,Flat,9420000.0,7690.0
514,35 Lac,1500.0,2,Bunder,Flat,3500000.0,2333.0
516,3.98 Cr,4291.0,4,Kudroli,Flat,39800000.0,9275.0
517,1.20 Cr,30490.0,0,Moodabidiri,Plot,12000000.0,394.0
518,60 Lac,1309.0,3,Kadri,Flat,6000000.0,4584.0
519,53.43 Lac,1065.0,2,Kaikamba,Flat,5343000.0,5017.0
520,59.68 Lac,975.0,2,Kulai,Flat,5968000.0,6121.0
521,71.99 Lac,1210.0,2,Derebail,Flat,7198999.999999999,5950.0
522,85.68 Lac,1224.0,2,Alake,Flat,8568000.0,7000.0
523,1.90 Cr,2363.0,3,Chilambi,Flat,19000000.0,8041.0
524,1.45 Cr,2074.0,3,Alake,Flat,14500000.0,6991.0
525,1.80 Cr,2299.0,3,Chilambi,Flat,18000000.0,7829.0
526,1.97 Cr,2969.0,4,Nanthoor,Flat,19700000.0,6635.0
527,66.34 Lac,1115.0,2,Derebail,Flat,6634000.0,5950.0
528,3.96 Cr,6600.0,4,Kadri,Flat,39600000.0,6000.0
529,81.72 Lac,1135.0,2,Bejai,Flat,8172000.0,7200.0
530,1.97 Cr,2645.0,4,Bendoor,Flat,19700000.0,7448.0
531,2.62 Cr,3366.0,4,Chilambi,Flat,26200000.0,7784.0
532,2.78 Cr,3478.0,4,Chilambi,Flat,27799999.999999996,7993.0
533,74.75 Lac,1490.0,3,Kaikamba,Flat,7475000.0,5017.0
534,1.20 Cr,1612.0,3,Bendoor,Flat,12000000.0,7444.0
535,1.20 Cr,1807.0,3,Nanthoor,Flat,12000000.0,6641.0
536,3 Crs,4293.0,4,Alake,Flat,30000000.0,6988.0
537,60.45 Lac,1262.0,2,Kodailbail,Flat,6045000.0,4790.0
538,32.16 Lac,670.0,1,Urva,Flat,3215999.9999999995,4800.0
539,1.15 Cr,2100.0,3,Kaikamba,Flat,11500000.0,5476.0
540,52.50 Lac,1050.0,2,Kottara,Flat,5250000.0,5000.0
541,62.10 Lac,1380.0,3,Derebail,Flat,6210000.0,4500.0
542,61.87 Lac,1375.0,3,Derebail,Flat,6187000.0,4500.0
543,1.40 Cr,2014.0,3,Kadri,Flat,14000000.0,6951.0
544,27.42 Lac,653.0,1,Pandeshwar,Flat,2742000.0,4199.0
545,50.68 Lac,1010.0,2,Road,Flat,5068000.0,5018.0
546,45 Lac,677.0,1,Bejai,Flat,4500000.0,6647.0
547,46.39 Lac,698.0,1,Bejai,Flat,4639000.0,6646.0
548,34.12 Lac,680.0,1,Road,Flat,3411999.9999999995,5018.0
549,43.11 Lac,1410.0,3,Neermarga,Flat,4311000.0,3057.0
550,33.11 Lac,660.0,1,Road,Flat,3311000.0,5017.0
551,50.69 Lac,1091.0,2,Derebail,Flat,5069000.0,4646.0
552,38 Lac,950.0,2,Bondel,Flat,3800000.0,4000.0
553,64.80 Lac,1440.0,3,Attavar,Flat,6480000.0,4500.0
554,55 Lac,1000.0,2,Kadri,Flat,5500000.0,5500.0
555,52.50 Lac,3500.0,0,Kulai,Plot,5250000.0,1500.0
556,80 Lac,1600.0,3,Nagar,Flat,8000000.0,5000.0
557,34.20 Lac,900.0,2,Kankanady,Flat,3420000.0000000005,3800.0
558,62.22 Lac,1240.0,3,Road,Flat,6222000.0,5018.0
559,43.35 Lac,1020.0,2,Yeyyadi,Flat,4335000.0,4250.0
560,73.15 Lac,1045.0,2,Chilambi,Flat,7315000.000000001,7000.0
561,53.04 Lac,1105.0,2,Urva,Flat,5304000.0,4800.0
563,1.09 Cr,1565.0,3,Chilambi,Flat,10900000.0,6965.0
564,2.18 Cr,3118.0,3,Kadri,Flat,21800000.0,6992.0
565,34.22 Lac,1180.0,2,Kinnigoli,Flat,3422000.0,2900.0
566,32.81 Lac,875.0,2,Shaktinagar,Flat,3281000.0,3750.0
567,34.99 Lac,1130.0,2,Mulki,Flat,3499000.0,3096.0
568,84.75 Lac,1695.0,3,Kadri,Flat,8475000.0,5000.0
569,72 Lac,1600.0,3,Kapikad,Flat,7200000.0,4500.0
570,80 Lac,1600.0,3,Kulai,Villa,8000000.0,5000.0
573,73 Lac,1460.0,3,Kankanady,Flat,7300000.0,5000.0
574,82.40 Lac,1648.0,3,Konchady,Flat,8240000.000000001,5000.0
576,15.84 Lac,565.0,1,Mulki,Flat,1584000.0,2804.0
582,46 Lac,1150.0,2,Konchady,Flat,4600000.0,4000.0
583,1.06 Cr,1526.0,3,Chilambi,Flat,10600000.0,6946.0
584,46 Lac,1100.0,2,Konchady,Flat,4600000.0,4182.0
585,1.28 Cr,1900.0,3,Kadri,Flat,12800000.0,6737.0
586,35.31 Lac,1155.0,2,Neermarga,Flat,3531000.0,3057.0
587,1.59 Cr,2905.0,4,Chilambi,Flat,15900000.0,5473.0
588,2.41 Cr,4395.0,6,Chilambi,Flat,24100000.0,5484.0
589,32.55 Lac,930.0,2,Vamanjoor,Flat,3254999.9999999995,3500.0
590,67.10 Lac,1525.0,3,Kottara,Flat,6709999.999999999,4400.0
591,68.64 Lac,1560.0,3,Kottara,Flat,6864000.0,4400.0
592,66 Lac,1500.0,3,Kottara,Flat,6600000.0,4400.0
593,1.13 Cr,1713.0,3,Bejai,Flat,11299999.999999998,6597.0
594,36.23 Lac,1185.0,2,Neermarga,Flat,3622999.9999999995,3057.0
595,66.90 Lac,1360.0,3,Derebail,Flat,6690000.000000001,4919.0
597,1.78 Cr,2969.0,4,Nanthoor,Flat,17800000.0,5995.0
598,36.39 Lac,1190.0,2,Neermarga,Flat,3639000.0,3058.0
599,64.68 Lac,1331.0,3,Derebail,Flat,6468000.000000001,4860.0
600,46.20 Lac,1050.0,2,Kottara,Flat,4620000.0,4400.0
601,80 Lac,1535.0,3,Maroli,Flat,8000000.0,5212.0
602,22 Lac,600.0,1,Kotekar,Flat,2200000.0,3667.0
604,82 Lac,1770.0,3,Derebail,Flat,8200000.0,4633.0
605,64.25 Lac,1285.0,2,Surathkal,Flat,6425000.0,5000.0
610,47.40 Lac,1185.0,2,Bolar,Flat,4740000.0,4000.0
611,46.02 Lac,1315.0,3,Bondel,Flat,4602000.0,3500.0
612,52.44 Lac,1140.0,2,Nagar,Flat,5244000.0,4600.0
613,70.84 Lac,1320.0,3,Bejai,Flat,7084000.0,5367.0
614,80.50 Lac,1500.0,3,Bejai,Flat,8050000.0,5367.0
616,43 Lac,1020.0,2,Hoige Bail,Flat,4300000.0,4216.0
617,72.80 Lac,1120.0,2,Nagar,Flat,7280000.0,6500.0
618,43.60 Lac,1090.0,2,Jeppinamogaru,Flat,4360000.0,4000.0
619,87.50 Lac,1750.0,3,Kankanady,Flat,8750000.0,5000.0
620,48 Lac,960.0,2,Kankanady,Flat,4800000.0,5000.0
621,31.58 Lac,1020.0,2,Mulki,Flat,3158000.0,3096.0
622,80.40 Lac,1608.0,3,Surathkal,Flat,8040000.000000001,5000.0
623,54.12 Lac,1320.0,3,Shaktinagar,Flat,5412000.0,4100.0
626,62.70 Lac,1254.0,2,Surathkal,Flat,6270000.0,5000.0
627,57.50 Lac,1150.0,2,Derebail,Flat,5750000.0,5000.0
631,52.58 Lac,1195.0,2,Kottara,Flat,5258000.0,4400.0
635,1.61 Cr,2511.0,4,Mannagudda,Flat,16100000.000000002,6412.0
636,54.74 Lac,1020.0,2,Bejai,Flat,5474000.0,5367.0
637,35.15 Lac,655.0,1,Bejai,Flat,3515000.0,5366.0
640,1.55 Cr,2593.0,4,Nanthoor,Flat,15500000.0,5978.0
641,26.69 Lac,562.0,1,Valencia,Flat,2669000.0,4749.0
643,45.10 Lac,1100.0,2,Shaktinagar,Flat,4510000.0,4100.0
644,52.65 Lac,975.0,2,Kodikal,Flat,5265000.0,5400.0
646,80.40 Lac,1608.0,3,Bejai,Flat,8040000.000000001,5000.0
647,32.95 Lac,659.0,1,Bejai,Flat,3295000.0000000005,5000.0
648,84.55 Lac,1691.0,3,Bejai,Flat,8455000.0,5000.0
649,45 Lac,1050.0,2,Kavoor,Flat,4500000.0,4286.0
650,55 Lac,1395.0,3,Kavoor,Flat,5500000.0,3943.0
653,72.36 Lac,1185.0,2,Mallikatte,Flat,7236000.0,6106.0
664,22 Lac,3484.0,0,Moodabidiri,Plot,2200000.0,631.0
669,30 Lac,710.0,1,Surathkal,Flat,3000000.0,4225.0
685,49.13 Lac,1515.0,3,Kadri,Flat,4913000.0,3243.0
688,26.12 Lac,736.0,2,Bondel,Flat,2612000.0,3549.0
689,44.10 Lac,1360.0,3,Kadri,Flat,4410000.0,3243.0
690,29.68 Lac,1060.0,2,Mary Hill,Flat,2968000.0,2800.0
692,36.08 Lac,1180.0,2,Neermarga,Flat,3608000.0,3058.0
693,50.79 Lac,1093.0,2,Derebail,Flat,5079000.0,4647.0
695,1 Cr,1640.0,3,Mallikatte,Flat,10000000.0,6098.0
696,50.85 Lac,1130.0,2,Kadri,Flat,5085000.0,4500.0
697,78.97 Lac,1755.0,3,Kadri,Flat,7897000.0,4500.0
698,51.70 Lac,1175.0,2,Kottara,Flat,5170000.0,4400.0
704,76 Lac,1600.0,3,Kottara,Flat,7600000.0,4750.0
705,39.34 Lac,915.0,2,Nagar,Flat,3934000.0000000005,4299.0
707,51.80 Lac,1295.0,2,Attavar,Flat,5180000.0,4000.0
708,33.90 Lac,955.0,2,Bondel,Flat,3390000.0,3550.0
710,42.60 Lac,1065.0,2,Attavar,Flat,4260000.0,4000.0
711,20 Lac,1100.0,0,Puttur,Plot,2000000.0,1818.0
712,42.75 Lac,1425.0,3,Bantwal,Flat,4275000.0,3000.0
713,59.55 Lac,1385.0,3,Bolar,Flat,5955000.0,4300.0
714,25.05 Lac,696.0,1,Derebail,Flat,2505000.0,3599.0
715,95 Lac,1900.0,4,Kulai,Villa,9500000.0,5000.0
716,48.92 Lac,975.0,2,Road,Flat,4892000.0,5017.0
717,50.35 Lac,1325.0,3,Kankanady,Flat,5035000.0,3800.0
718,46.40 Lac,1160.0,2,Jeppinamogaru,Flat,4640000.0,4000.0
719,70.50 Lac,1410.0,3,Kottara,Flat,7050000.0,5000.0
720,33.48 Lac,1080.0,2,Moodabidiri,Flat,3347999.9999999995,3100.0
721,38.50 Lac,700.0,1,Kadri,Flat,3850000.0,5500.0
722,16.87 Lac,545.0,1,Mulki,Flat,1687000.0,3095.0
723,79.49 Lac,1196.0,2,Bejai,Flat,7948999.999999999,6646.0
724,74.02 Lac,1645.0,3,Kapikad,Flat,7402000.0,4500.0
725,80.61 Lac,1225.0,2,Kulai,Flat,8061000.0,6580.0
726,52.81 Lac,1515.0,3,Kadri,Flat,5281000.0,3486.0
728,67.18 Lac,1285.0,2,Derebail,Flat,6718000.000000001,5228.0
729,40.79 Lac,1360.0,3,Kadri,Flat,4079000.0,2999.0
730,73 Lac,1380.0,3,Derebail,Flat,7300000.0,5290.0
731,4.73 Cr,6568.0,6,Shivabagh,Flat,47300000.00000001,7202.0
733,74.99 Lac,1225.0,2,Kulai,Flat,7498999.999999999,6122.0
734,74.99 Lac,1225.0,2,Kulai,Flat,7498999.999999999,6122.0
735,2.03 Cr,2622.0,3,Shivabagh,Flat,20299999.999999996,7742.0
736,2.91 Cr,3763.0,4,Shivabagh,Flat,29100000.0,7733.0
737,3.91 Cr,5052.0,6,Shivabagh,Flat,39100000.0,7740.0
738,2.03 Cr,2630.0,3,Shivabagh,Flat,20299999.999999996,7719.0
739,5.09 Cr,6568.0,6,Shivabagh,Flat,50900000.0,7750.0
740,5.03 Cr,6500.0,6,Shivabagh,Flat,50300000.0,7738.0
741,2.82 Cr,3640.0,4,Shivabagh,Flat,28200000.0,7747.0
742,64.87 Lac,1390.0,2,Derebail,Flat,6487000.0,4667.0
743,46 Lac,1155.0,2,Kuloor,Flat,4600000.0,3983.0
744,35.67 Lac,1100.0,2,Kadri,Flat,3567000.0,3243.0
745,22 Lac,786.0,1,Mary Hill,Flat,2200000.0,2799.0
746,20.48 Lac,512.0,1,Attavar,Flat,2048000.0,4000.0
747,50.60 Lac,1265.0,3,Attavar,Flat,5060000.0,4000.0
748,87.05 Lac,1665.0,3,Kadri,Flat,8705000.0,5228.0
749,1.30 Cr,1835.0,3,Kottara,Flat,13000000.0,7084.0
750,28.79 Lac,960.0,2,Kadri,Flat,2879000.0,2999.0
752,34.46 Lac,659.0,1,Derebail,Flat,3446000.0,5229.0
753,68 Lac,1180.0,3,Attavar,Flat,6800000.0,5763.0
754,35 Lac,870.0,2,Kankanady,Flat,3500000.0,4023.0
755,49.72 Lac,1105.0,2,Nagar,Flat,4972000.0,4500.0
756,60.48 Lac,1344.0,3,Nagar,Flat,6048000.0,4500.0
757,54 Lac,1200.0,2,Nagar,Flat,5400000.0,4500.0
758,55.97 Lac,1250.0,2,Bondel,Flat,5597000.0,4478.0
759,45 Lac,1005.0,2,Bondel,Flat,4500000.0,4478.0
760,55 Lac,1115.0,2,Derebail,Flat,5500000.0,4933.0
761,63.59 Lac,1060.0,2,Mannagudda,Flat,6359000.0,5999.0
762,71.38 Lac,1190.0,2,Mannagudda,Flat,7138000.0,5998.0
763,74.75 Lac,1150.0,2,Bejai,Flat,7475000.0,6500.0
764,83.52 Lac,1285.0,2,Mannagudda,Flat,8352000.0,6500.0
765,89.98 Lac,1500.0,3,Mannagudda,Flat,8998000.0,5999.0
766,45.49 Lac,989.0,2,Kodikal,Flat,4549000.0,4600.0
767,1.04 Cr,1612.0,3,Bendoor,Flat,10400000.0,6452.0
768,60 Lac,1210.0,2,Derebail,Flat,6000000.0,4959.0
769,1.23 Cr,1870.0,3,Kulai,Flat,12300000.0,6578.0
771,45.44 Lac,1515.0,3,Kadri,Flat,4544000.0,2999.0
772,53.20 Lac,1400.0,2,Bondel,Flat,5320000.0,3800.0
773,1.91 Cr,3300.0,3,Kadri,Flat,19100000.0,5788.0
774,58.65 Lac,1150.0,2,Pandeshwar,Flat,5865000.0,5100.0
776,1.71 Cr,2645.0,4,Bendoor,Flat,17100000.0,6465.0
777,1.10 Cr,1753.0,3,Bejai,Flat,11000000.0,6275.0
778,30.80 Lac,4400.0,0,Moodabidiri,Plot,3080000.0,700.0
779,36.71 Lac,1049.0,2,Kodikal,Flat,3671000.0,3500.0
780,1.06 Cr,1526.0,3,Chilambi,Flat,10600000.0,6946.0
781,1.09 Cr,1565.0,3,Chilambi,Flat,10900000.0,6965.0
782,82.25 Lac,1175.0,2,Chilambi,Flat,8225000.0,7000.0
783,74.03 Lac,1175.0,2,Bejai,Flat,7403000.0,6300.0
784,66.15 Lac,1050.0,2,Bejai,Flat,6615000.000000001,6300.0
785,1.07 Cr,1706.0,3,Bejai,Flat,10700000.0,6272.0
786,73.15 Lac,1045.0,2,Chilambi,Flat,7315000.000000001,7000.0
787,85.78 Lac,1430.0,3,Mannagudda,Flat,8578000.0,5999.0
788,76 Lac,1555.0,3,Derebail,Flat,7600000.0,4887.0
789,69.87 Lac,1075.0,2,Bejai,Flat,6987000.0,6500.0
791,42.34 Lac,941.0,2,Bondel,Flat,4234000.0,4499.0
792,4.18 Cr,5052.0,6,Shivabagh,Flat,41800000.0,8274.0
793,35.67 Lac,1100.0,2,Kadri,Flat,3567000.0,3243.0
794,32.99 Lac,1100.0,2,Kadri,Flat,3299000.0,2999.0
795,64.16 Lac,975.0,2,Kulai,Flat,6416000.0,6581.0
798,4 Lac,4356.0,0,Airport,Plot,400000.0,92.0
799,79.06 Lac,1265.0,2,Bondel,Flat,7906000.0,6250.0
800,72.81 Lac,1165.0,2,Mannagudda,Flat,7281000.0,6250.0
801,77.49 Lac,1115.0,2,Kadri,Flat,7748999.999999999,6950.0
802,66 Lac,4000.0,0,Road,Plot,6600000.0,1650.0
803,1.91 Cr,3300.0,3,Kadri,Flat,19100000.0,5788.0
804,1.14 Cr,1870.0,3,Kulai,Flat,11399999.999999998,6096.0
805,56 Lac,1200.0,2,Derebail,Flat,5600000.0,4667.0
806,26.32 Lac,940.0,2,Mary Hill,Flat,2632000.0,2800.0
807,41.99 Lac,1295.0,2,Kadri,Flat,4199000.0,3242.0
808,56 Lac,1400.0,3,Attavar,Flat,5600000.0,4000.0
809,24.20 Lac,605.0,1,Attavar,Flat,2420000.0,4000.0
810,55 Lac,1133.0,2,Neermarga,Flat,5500000.0,4854.0
811,89 Lac,1265.0,3,Nagar,Villa,8900000.0,7036.0
812,63.04 Lac,1150.0,2,Pandeshwar,Flat,6304000.0,5482.0
815,67.43 Lac,1230.0,2,Pandeshwar,Flat,6743000.000000001,5482.0
817,54.51 Lac,1138.0,2,Kodailbail,Flat,5451000.0,4790.0
818,41.85 Lac,930.0,2,Bondel,Flat,4185000.0,4500.0
820,45.58 Lac,1013.0,2,Bondel,Flat,4558000.0,4500.0
821,28.12 Lac,625.0,1,Bondel,Flat,2812000.0,4499.0
823,90 Lac,1285.0,2,Kottara,Flat,9000000.0,7004.0
824,1.10 Cr,1600.0,3,Kottara,Flat,11000000.0,6875.0
825,78 Lac,1115.0,2,Kottara,Flat,7800000.0,6996.0
826,34 Lac,844.0,2,Road,Flat,3400000.0,4028.0
827,66.61 Lac,1753.0,3,Bondel,Flat,6661000.0,3800.0
828,41.80 Lac,1100.0,2,Bondel,Flat,4179999.9999999995,3800.0
831,87.02 Lac,2290.0,3,Bondel,Flat,8702000.0,3800.0
833,88.41 Lac,1691.0,3,Derebail,Flat,8841000.0,5228.0
834,72.15 Lac,1380.0,3,Derebail,Flat,7215000.000000001,5228.0
835,1.25 Cr,1700.0,3,Puttur,Villa,12500000.0,7353.0
838,1.11 Cr,1855.0,3,Attavar,Flat,11100000.000000002,5984.0
839,80 Lac,1450.0,3,Attavar,Flat,8000000.0,5517.0
840,54 Lac,5200.0,0,Derlakatte,Plot,5400000.0,1038.0
841,80 Lac,1660.0,3,Padil,Flat,8000000.0,4819.0
842,1.67 Cr,2315.0,3,Kodailbail,Flat,16700000.0,7214.0
843,1.38 Cr,1915.0,3,Kodailbail,Flat,13799999.999999998,7206.0
844,23.77 Lac,634.0,1,Surathkal,Flat,2377000.0,3749.0
845,24.18 Lac,645.0,1,Surathkal,Flat,2418000.0,3749.0
846,34.31 Lac,915.0,2,Surathkal,Flat,3431000.0,3750.0
847,43.87 Lac,1170.0,2,Surathkal,Flat,4387000.0,3750.0
848,75.25 Lac,1505.0,3,Bejai,Flat,7525000.0,5000.0
849,54.50 Lac,1090.0,2,Bejai,Flat,5450000.0,5000.0
850,50.75 Lac,1015.0,2,Bejai,Flat,5075000.0,5000.0
851,12.50 Lac,4360.0,0,Moodabidiri,Plot,1250000.0,287.0
852,3.75 Cr,4250.0,4,Kadri,Flat,37500000.0,8824.0
860,53.84 Lac,875.0,1,Nagar,Flat,5384000.0,6153.0
861,68 Lac,1105.0,2,Nagar,Flat,6800000.0,6154.0
862,1.20 Cr,1612.0,3,Bendoor,Flat,12000000.0,7444.0
863,82.70 Lac,1344.0,3,Nagar,Flat,8270000.0,6153.0
864,1.58 Cr,2132.0,3,Bendoor,Flat,15800000.0,7411.0
865,1.97 Cr,2645.0,4,Bendoor,Flat,19700000.0,7448.0
866,97.76 Lac,1504.0,2,Mannagudda,Flat,9776000.0,6500.0
867,91.39 Lac,1406.0,2,Mannagudda,Flat,9139000.0,6500.0
868,75.06 Lac,1390.0,2,Chilambi,Flat,7506000.0,5400.0
869,44 Lac,800.0,2,Kodikal,Flat,4400000.0,5500.0
870,53.68 Lac,976.0,2,Kodikal,Flat,5368000.0,5500.0
871,91.50 Lac,1500.0,3,Mannagudda,Flat,9150000.0,6100.0
872,64.66 Lac,1060.0,2,Mannagudda,Flat,6466000.0,6100.0
873,72.59 Lac,1190.0,2,Mannagudda,Flat,7259000.0,6100.0
876,85.78 Lac,1430.0,3,Mannagudda,Flat,8578000.0,5999.0
877,71.38 Lac,1190.0,2,Mannagudda,Flat,7138000.0,5998.0
878,1.25 Cr,1770.0,3,Derebail,Flat,12500000.0,7062.0
879,67.18 Lac,1285.0,2,Kadri,Flat,6718000.000000001,5228.0
880,66 Lac,1440.0,3,Kodikal,Flat,6600000.0,4583.0
882,87.23 Lac,1430.0,3,Mannagudda,Flat,8723000.0,6100.0
883,40 Lac,2000.0,0,Urwa,Plot,4000000.0,2000.0
885,76.70 Lac,1180.0,2,Kodailbail,Flat,7670000.0,6500.0
886,1 Cr,1550.0,3,Kodailbail,Flat,10000000.0,6452.0
887,1.13 Cr,1740.0,3,Kodailbail,Flat,11299999.999999998,6494.0
888,71.50 Lac,1100.0,2,Kodailbail,Flat,7150000.0,6500.0
890,86.43 Lac,1290.0,2,Kankanady,Flat,8643000.0,6700.0
893,90.45 Lac,1350.0,3,Kankanady,Flat,9045000.0,6700.0
894,74.02 Lac,1175.0,2,Bejai,Flat,7402000.0,6300.0
895,65 Lac,1465.0,3,Bondel,Flat,6500000.0,4437.0
897,61.39 Lac,1600.0,2,Yeyyadi,Flat,6139000.0,3837.0
904,82.50 Lac,1500.0,3,Nagar,Flat,8250000.0,5500.0
905,52.15 Lac,1490.0,3,Moodabidiri,Flat,5215000.0,3500.0
906,68 Lac,1360.0,3,Derebail,Flat,6800000.0,5000.0
907,15.40 Lac,1100.0,0,Puttur,Plot,1540000.0,1400.0
908,25.37 Lac,1750.0,0,Puttur,Plot,2537000.0,1450.0
909,48.49 Lac,2485.0,0,Kudupu,Plot,4849000.0,1951.0
910,42.50 Lac,2178.0,0,Kudupu,Plot,4250000.0,1951.0
911,24.70 Lac,650.0,1,Kudupu,Flat,2470000.0,3800.0
912,45 Lac,1200.0,3,Kudupu,Flat,4500000.0,3750.0
913,35 Lac,950.0,2,Kudupu,Flat,3500000.0,3684.0
914,27 Lac,750.0,2,Kudupu,Flat,2700000.0,3600.0
915,60 Lac,1200.0,2,Kottara,Flat,6000000.0,5000.0
919,60.20 Lac,1350.0,2,Yeyyadi,Flat,6020000.0,4459.0
921,76.37 Lac,1115.0,2,Kadri,Flat,7637000.0,6849.0
923,72 Lac,1440.0,3,Kottara,Flat,7200000.0,5000.0
924,57.62 Lac,1175.0,2,Kottara,Flat,5762000.0,4904.0
925,80 Lac,1800.0,3,Chilambi,Flat,8000000.0,4444.0
926,54.12 Lac,1320.0,3,Shaktinagar,Flat,5412000.0,4100.0
927,2.78 Cr,3477.0,4,Chilambi,Flat,27799999.999999996,7995.0
928,1.90 Cr,2363.0,3,Chilambi,Flat,19000000.0,8041.0
929,45.10 Lac,1100.0,2,Shaktinagar,Flat,4510000.0,4100.0
930,1.80 Cr,2298.0,3,Chilambi,Flat,18000000.0,7833.0
931,2.62 Cr,3366.0,4,Chilambi,Flat,26200000.0,7784.0
932,1 Cr,1550.0,3,Kodailbail,Flat,10000000.0,6452.0
933,30.80 Lac,2200.0,0,Puttur,Plot,3080000.0,1400.0
934,18.22 Lac,1350.0,0,Puttur,Plot,1822000.0,1350.0
935,90.45 Lac,1350.0,3,Kankanady,Flat,9045000.0,6700.0
936,50.75 Lac,1015.0,2,Bejai,Flat,5075000.0,5000.0
937,45.58 Lac,1013.0,2,Bondel,Flat,4558000.0,4500.0
938,58.02 Lac,1230.0,2,Pandeshwar,Flat,5802000.0,4717.0
940,84.07 Lac,1608.0,3,Derebail,Flat,8407000.0,5228.0
941,66.36 Lac,1600.0,2,Yeyyadi,Flat,6636000.0,4148.0
943,86.43 Lac,1290.0,2,Kankanady,Flat,8643000.0,6700.0
944,75.25 Lac,1505.0,3,Bejai,Flat,7525000.0,5000.0
945,60.48 Lac,1344.0,3,Nagar,Flat,6048000.0,4500.0
946,49.72 Lac,1105.0,2,Nagar,Flat,4972000.0,4500.0
947,74.75 Lac,1150.0,2,Bejai,Flat,7475000.0,6500.0
948,84.50 Lac,1300.0,3,Bejai,Flat,8450000.0,6500.0
949,54 Lac,1200.0,2,Nagar,Flat,5400000.0,4500.0
950,39.37 Lac,875.0,1,Nagar,Flat,3936999.9999999995,4499.0
951,36.80 Lac,800.0,2,Kodikal,Flat,3679999.9999999995,4600.0
953,45.49 Lac,989.0,2,Kodikal,Flat,4549000.0,4600.0
954,69.87 Lac,1075.0,2,Bejai,Flat,6987000.0,6500.0
955,63.58 Lac,1060.0,2,Mannagudda,Flat,6358000.0,5998.0
958,69.36 Lac,1225.0,2,Kulai,Flat,6936000.0,5662.0
961,33.46 Lac,960.0,2,Kadri,Flat,3346000.0,3485.0
964,36.27 Lac,1170.0,2,Surathkal,Flat,3627000.0000000005,3100.0
965,39.15 Lac,955.0,2,Surathkal,Flat,3915000.0,4099.0
966,60.68 Lac,1480.0,3,Surathkal,Flat,6068000.0,4100.0
967,97.87 Lac,1450.0,2,Kadri,Flat,9787000.0,6750.0
968,71.50 Lac,1100.0,2,Kodailbail,Flat,7150000.0,6500.0
969,1.28 Cr,1915.0,3,Kodailbail,Flat,12800000.0,6684.0
970,1.55 Cr,2315.0,3,Kodailbail,Flat,15500000.0,6695.0
971,71.38 Lac,1190.0,2,Mannagudda,Flat,7138000.0,5998.0
973,19.99 Lac,645.0,1,Surathkal,Flat,1998999.9999999998,3099.0
982,62.73 Lac,1230.0,2,Pandeshwar,Flat,6273000.0,5100.0
987,35.40 Lac,677.0,1,Konchady,Flat,3540000.0,5229.0
988,64.05 Lac,1225.0,2,Konchady,Flat,6405000.0,5229.0
989,72.15 Lac,1380.0,3,Konchady,Flat,7215000.000000001,5228.0
990,97.76 Lac,1504.0,2,Mannagudda,Flat,9776000.0,6500.0
991,1.65 Cr,2543.0,3,Mannagudda,Flat,16500000.0,6488.0
992,77.90 Lac,1490.0,3,Kodiabail,Flat,7790000.000000001,5228.0
993,88.41 Lac,1691.0,3,Kodiabail,Flat,8841000.0,5228.0
994,84.07 Lac,1608.0,3,Konchady,Flat,8407000.0,5228.0
995,34.46 Lac,659.0,1,Konchady,Flat,3446000.0,5229.0
996,67.18 Lac,1285.0,2,Konchady,Flat,6718000.000000001,5228.0
997,65.56 Lac,1254.0,2,Konchady,Flat,6556000.0,5228.0
998,34.46 Lac,659.0,1,Kodiabail,Flat,3446000.0,5229.0
999,72.15 Lac,1380.0,3,Kavoor,Flat,7215000.000000001,5228.0
1000,71.50 Lac,1265.0,2,Bondel,Flat,7150000.0,5652.0
1001,89 Lac,1265.0,3,Vas Lane,Villa,8900000.0,7036.0
1002,"16,000",1600.0,3,Kadri,Flat,,
1003,69.40 Lac,1200.0,2,Mannagudda,Flat,6940000.000000001,5783.0
1005,71.39 Lac,1165.0,2,Mannagudda,Flat,7139000.0,6128.0
1008,77.90 Lac,1490.0,3,Karangalpady,Flat,7790000.000000001,5228.0
1009,88.41 Lac,1691.0,3,Karangalpady,Flat,8841000.0,5228.0
1010,57.98 Lac,1109.0,2,Kankanady,Flat,5798000.0,5228.0
1011,57.98 Lac,1109.0,2,Karangalpady,Flat,5798000.0,5228.0
1012,64.31 Lac,1230.0,3,Karangalpady,Flat,6431000.0,5228.0
1013,64.31 Lac,1230.0,3,Kankanady,Flat,6431000.0,5228.0
1014,57.98 Lac,1109.0,2,Kadri,Flat,5798000.0,5228.0
1015,77.90 Lac,1490.0,3,Kadri,Flat,7790000.000000001,5228.0
1016,34.46 Lac,659.0,1,Kadri,Flat,3446000.0,5229.0
1021,72 Lac,1440.0,3,Kottara,Flat,7200000.0,5000.0
1022,80 Lac,1600.0,3,Kulai,Flat,8000000.0,5000.0
1023,43.68 Lac,1040.0,2,Yeyyadi,Flat,4368000.0,4200.0
1025,60 Lac,1500.0,3,Derebail,Flat,6000000.0,4000.0
1026,4.87 Cr,6500.0,6,Shivabagh,Flat,48700000.0,7492.0
1028,57.98 Lac,1109.0,2,Jeppinamogaru,Flat,5798000.0,5228.0
1029,64.05 Lac,1225.0,2,Karangalpady,Flat,6405000.0,5229.0
1030,87.05 Lac,1665.0,3,Karangalpady,Villa,8705000.0,5228.0
1031,84.07 Lac,1608.0,3,Karangalpady,Flat,8407000.0,5228.0
1032,34.46 Lac,659.0,1,Karangalpady,Flat,3446000.0,5229.0
1033,67.18 Lac,1285.0,2,Karangalpady,Flat,6718000.000000001,5228.0
1034,84.07 Lac,1608.0,3,Kodiabail,Flat,8407000.0,5228.0
1035,87.05 Lac,1665.0,3,Kodiabail,Villa,8705000.0,5228.0
1036,67.18 Lac,1285.0,2,Kodiabail,Flat,6718000.000000001,5228.0
1037,87.05 Lac,1665.0,3,Kavoor,Villa,8705000.0,5228.0
1038,64.05 Lac,1225.0,2,Kadri,Flat,6405000.0,5229.0
1039,35.40 Lac,677.0,1,Kadri,Flat,3540000.0,5229.0
1040,65.56 Lac,1254.0,2,Kadri,Flat,6556000.0,5228.0
1041,84.07 Lac,1608.0,3,Kadri,Flat,8407000.0,5228.0
